policy,seed,time_seconds,time_hours,minimum,mean,maximum
"UBR-CA",20260703,0.000000,0.000000,31.311692,38.513319,52.000000
"UBR-CA",20260703,300.000000,0.083333,21.227187,27.798291,37.960512
"UBR-CA",20260703,600.000000,0.166667,15.750277,21.567159,26.663642
"UBR-CA",20260703,900.000000,0.250000,16.395391,22.568633,34.194686
"UBR-CA",20260703,1200.000000,0.333333,11.681926,24.311394,52.000000
"UBR-CA",20260703,1500.000000,0.416667,7.733985,29.155922,51.425020
"UBR-CA",20260703,1800.000000,0.500000,11.427882,25.598519,52.000000
"UBR-CA",20260703,2100.000000,0.583333,6.188191,17.477380,34.066925
"UBR-CA",20260703,2400.000000,0.666667,7.889569,18.143610,35.018096
"UBR-CA",20260703,2700.000000,0.750000,6.141979,17.821060,43.297877
"UBR-CA",20260703,3000.000000,0.833333,6.850889,17.625763,44.116285
"UBR-CA",20260703,3300.000000,0.916667,6.277503,20.182234,47.182111
"UBR-CA",20260703,3600.000000,1.000000,8.488442,20.736554,51.346279
"UBR-CA",20260703,3900.000000,1.083333,9.178467,17.774028,41.480042
"UBR-CA",20260703,4200.000000,1.166667,2.230292,15.665088,31.676401
"UBR-CA",20260703,4500.000000,1.250000,5.781324,15.758334,38.775744
"UBR-CA",20260703,4800.000000,1.333333,5.134175,16.141927,30.577293
"UBR-CA",20260703,5100.000000,1.416667,4.886085,17.879996,46.557684
"UBR-CA",20260703,5400.000000,1.500000,8.231281,17.846320,37.298596
"UBR-CA",20260703,5700.000000,1.583333,6.111192,16.404920,51.169339
"UBR-CA",20260703,6000.000000,1.666667,8.210352,16.390471,39.853718
"UBR-CA",20260703,6300.000000,1.750000,6.703390,16.191889,40.696757
"UBR-CA",20260703,6600.000000,1.833333,8.984255,16.504614,44.298098
"UBR-CA",20260703,6900.000000,1.916667,10.008981,18.379216,52.000000
"UBR-CA",20260703,7200.000000,2.000000,7.727172,16.657059,38.462812
"UBR-CA",20260703,7500.000000,2.083333,7.367859,16.066405,50.808890
"UBR-CA",20260703,7800.000000,2.166667,7.475925,17.238356,50.995258
"UBR-CA",20260703,8100.000000,2.250000,2.582383,16.044447,50.798724
"UBR-CA",20260703,8400.000000,2.333333,0.364733,15.484664,36.256261
"UBR-CA",20260703,8700.000000,2.416667,4.239438,17.970955,37.623450
"UBR-CA",20260703,9000.000000,2.500000,7.870378,17.232500,43.478527
"UBR-CA",20260703,9300.000000,2.583333,6.575191,15.580616,38.278306
"UBR-CA",20260703,9600.000000,2.666667,6.833597,16.477940,46.662579
"UBR-CA",20260703,9900.000000,2.750000,4.039417,15.554087,34.357082
"UBR-CA",20260703,10200.000000,2.833333,4.570304,15.460620,33.594532
"UBR-CA",20260703,10500.000000,2.916667,5.770462,16.816741,50.680990
"UBR-CA",20260703,10800.000000,3.000000,6.884562,16.938186,45.417635
"UBR-CA",20260703,11100.000000,3.083333,6.677186,15.586627,37.967910
"UBR-CA",20260703,11400.000000,3.166667,0.124722,16.479491,51.554864
"UBR-CA",20260703,11700.000000,3.250000,4.124722,15.908279,38.222874
"UBR-CA",20260703,12000.000000,3.333333,4.501645,15.539753,46.152483
"UBR-CA",20260703,12300.000000,3.416667,2.110253,16.257351,52.000000
"UBR-CA",20260703,12600.000000,3.500000,1.765431,16.971590,37.559682
"UBR-CA",20260703,12900.000000,3.583333,5.746356,15.893449,44.592853
"UBR-CA",20260703,13200.000000,3.666667,7.305177,15.429344,50.635394
"UBR-CA",20260703,13500.000000,3.750000,0.000000,16.000248,36.665647
"UBR-CA",20260703,13800.000000,3.833333,4.000000,16.235498,26.941363
"UBR-CA",20260703,14100.000000,3.916667,7.821842,16.129088,22.040039
"UBR-CA",20260703,14400.000000,4.000000,8.322438,16.587351,23.979689
"UBR-CA",20260703,14700.000000,4.083333,6.519277,16.947468,22.271991
"UBR-CA",20260703,15000.000000,4.166667,7.817756,17.215423,24.847576
"UBR-CA",20260703,15300.000000,4.250000,8.406832,17.809785,27.467037
"UBR-CA",20260703,15600.000000,4.333333,7.418190,18.858046,26.411651
"UBR-CA",20260703,15900.000000,4.416667,6.561833,19.752296,26.969277
"UBR-CA",20260703,16200.000000,4.500000,8.050722,20.989794,28.156336
"UBR-CA",20260703,16500.000000,4.583333,8.405185,23.133357,31.605644
"UBR-CA",20260703,16800.000000,4.666667,12.274293,25.285752,34.297290
"UBR-CA",20260703,17100.000000,4.750000,16.274293,27.468756,35.106999
"UBR-CA",20260703,17400.000000,4.833333,16.161391,29.913722,37.122356
"UBR-CA",20260703,17700.000000,4.916667,12.431890,32.163244,40.006728
"UBR-CA",20260703,18000.000000,5.000000,16.431890,34.247943,43.045461
"UBR-CA",20260703,18300.000000,5.083333,20.431890,36.855516,46.617117
"UBR-CA",20260703,18600.000000,5.166667,24.431890,39.746674,48.588014
"UBR-CA",20260703,18900.000000,5.250000,28.431890,42.657396,50.516079
"UBR-CA",20260703,19200.000000,5.333333,32.431890,45.650269,54.516079
"UBR-CA",20260703,19500.000000,5.416667,36.431890,48.961139,57.724711
"UBR-CA",20260703,19800.000000,5.500000,40.431890,52.077348,61.327449
"UBR-CA",20260703,20100.000000,5.583333,44.431890,55.176128,63.357043
"UBR-CA",20260703,20400.000000,5.666667,48.431890,58.456810,66.822845
"UBR-CA",20260703,20700.000000,5.750000,51.415102,61.633578,69.977733
"UBR-CA",20260703,21000.000000,5.833333,54.066591,64.361144,72.940599
"UBR-CA",20260703,21300.000000,5.916667,56.434998,67.406844,76.940599
"UBR-CA",20260703,21600.000000,6.000000,58.000094,70.547908,79.448739
"UBR-CA",20260703,21900.000000,6.083333,60.104663,73.567393,82.538366
"UBR-CA",20260703,22200.000000,6.166667,60.147626,76.764760,86.435711
"UBR-CA",20260703,22500.000000,6.250000,62.697756,80.286358,89.802615
"UBR-CA",20260703,22800.000000,6.333333,74.221556,83.709853,92.337298
"UBR-CA",20260703,23100.000000,6.416667,77.251537,87.012082,94.950403
"UBR-CA",20260703,23400.000000,6.500000,81.251537,90.210957,98.070185
"UBR-CA",20260703,23700.000000,6.583333,83.194106,93.277722,102.070185
"UBR-CA",20260703,24000.000000,6.666667,87.194106,96.519694,106.017472
"UBR-CA",20260703,24300.000000,6.750000,91.194106,99.853469,109.545274
"UBR-CA",20260703,24600.000000,6.833333,95.194106,103.296148,113.545274
"UBR-CA",20260703,24900.000000,6.916667,98.816537,106.473438,117.545274
"UBR-CA",20260703,25200.000000,7.000000,100.230963,109.834481,121.545274
"UBR-CA",20260703,25500.000000,7.083333,104.273066,113.504441,124.834803
"UBR-CA",20260703,25800.000000,7.166667,105.647684,116.680094,125.745894
"UBR-CA",20260703,26100.000000,7.250000,107.697095,119.849448,128.750320
"UBR-CA",20260703,26400.000000,7.333333,110.339869,123.442962,132.750320
"UBR-CA",20260703,26700.000000,7.416667,113.513616,126.937722,136.348008
"UBR-CA",20260703,27000.000000,7.500000,116.615236,130.332984,139.516058
"UBR-CA",20260703,27300.000000,7.583333,120.615236,133.773594,143.018059
"UBR-CA",20260703,27600.000000,7.666667,124.451885,137.182545,146.648821
"UBR-CA",20260703,27900.000000,7.750000,128.451885,140.557958,150.648821
"UBR-CA",20260703,28200.000000,7.833333,132.451885,144.092413,154.165191
"UBR-CA",20260703,28500.000000,7.916667,136.451885,147.584795,157.203182
"UBR-CA",20260703,28800.000000,8.000000,139.633062,150.873511,161.203182
"UBR-CA",20260703,29100.000000,8.083333,143.633062,154.316942,165.203182
"UBR-CA",20260703,29400.000000,8.166667,145.901376,157.818798,169.203182
"UBR-CA",20260703,29700.000000,8.250000,149.901376,161.216687,172.825799
"UBR-CA",20260703,30000.000000,8.333333,151.993952,164.592059,175.143325
"UBR-CA",20260703,30300.000000,8.416667,155.993952,168.220898,179.143325
"UBR-CA",20260703,30600.000000,8.500000,159.993952,171.533781,183.143325
"UBR-CA",20260703,30900.000000,8.583333,160.695853,174.715459,185.233720
"UBR-CA",20260703,31200.000000,8.666667,162.651422,177.879443,188.225480
"UBR-CA",20260703,31500.000000,8.750000,166.047867,180.483192,189.919347
"UBR-CA",20260703,31800.000000,8.833333,169.306465,183.074051,193.593949
"UBR-CA",20260703,32100.000000,8.916667,173.306465,185.793580,197.593949
"UBR-CA",20260703,32400.000000,9.000000,176.089620,188.785053,200.733458
"UBR-CA",20260703,32700.000000,9.083333,176.669697,191.470147,203.589329
"UBR-CA",20260703,33000.000000,9.166667,176.928421,194.096253,203.941011
"UBR-CA",20260703,33300.000000,9.250000,180.928421,197.111837,207.685633
"UBR-CA",20260703,33600.000000,9.333333,183.775217,199.478799,210.731481
"UBR-CA",20260703,33900.000000,9.416667,187.775217,201.964023,212.587693
"UBR-CA",20260703,34200.000000,9.500000,189.766865,204.524839,216.555174
"UBR-CA",20260703,34500.000000,9.583333,193.766865,207.326263,219.326321
"UBR-CA",20260703,34800.000000,9.666667,196.791026,210.140377,222.936267
"UBR-CA",20260703,35100.000000,9.750000,200.791026,212.776083,223.877926
"UBR-CA",20260703,35400.000000,9.833333,204.791026,216.340562,227.877926
"UBR-CA",20260703,35700.000000,9.916667,208.791026,219.688884,231.877926
"UBR-CA",20260703,36000.000000,10.000000,212.691592,222.662909,233.499607
"UBR-CA",20260703,36300.000000,10.083333,214.618948,225.506113,236.304948
"UBR-CA",20260703,36600.000000,10.166667,216.004640,228.256375,239.431832
"UBR-CA",20260703,36900.000000,10.250000,219.108105,230.768073,240.081845
"UBR-CA",20260703,37200.000000,10.333333,220.139269,233.969714,244.081845
"UBR-CA",20260703,37500.000000,10.416667,224.139269,236.731723,247.277013
"UBR-CA",20260703,37800.000000,10.500000,226.125295,239.860642,249.508004
"UBR-CA",20260703,38100.000000,10.583333,229.476507,242.873918,253.236523
"UBR-CA",20260703,38400.000000,10.666667,233.476507,245.718444,257.236523
"UBR-CA",20260703,38700.000000,10.750000,236.352086,248.756377,260.468937
"UBR-CA",20260703,39000.000000,10.833333,240.352086,252.160334,263.843265
"UBR-CA",20260703,39300.000000,10.916667,244.352086,255.468967,267.599009
"UBR-CA",20260703,39600.000000,11.000000,247.075970,258.770595,271.599009
"UBR-CA",20260703,39900.000000,11.083333,248.708242,261.772225,274.709362
"UBR-CA",20260703,40200.000000,11.166667,251.336572,264.820196,278.709362
"UBR-CA",20260703,40500.000000,11.250000,255.336572,267.119663,281.666806
"UBR-CA",20260703,40800.000000,11.333333,255.316911,269.016595,282.960482
"UBR-CA",20260703,41100.000000,11.416667,257.485781,271.473996,286.960482
"UBR-CA",20260703,41400.000000,11.500000,260.685743,274.205604,288.000000
"UBR-CA",20260703,41700.000000,11.583333,263.731651,276.497942,288.000000
"UBR-CA",20260703,42000.000000,11.666667,267.731651,278.762070,288.000000
"UBR-CA",20260703,42300.000000,11.750000,271.210647,281.123838,288.000000
"UBR-CA",20260703,42600.000000,11.833333,272.659263,282.724873,288.000000
"UBR-CA",20260703,42900.000000,11.916667,272.398231,284.348024,288.000000
"UBR-CA",20260703,43200.000000,12.000000,271.292831,285.282748,288.000000
"UBR-CA",20260703,43500.000000,12.083333,275.292831,285.672320,288.000000
"UBR-CA",20260703,43800.000000,12.166667,279.292831,286.169919,288.000000
"UBR-CA",20260703,44100.000000,12.250000,280.828380,287.049373,288.000000
"UBR-CA",20260703,44400.000000,12.333333,284.548497,287.596561,288.000000
"UBR-CA",20260703,44700.000000,12.416667,284.104806,287.758007,288.000000
"UBR-CA",20260703,45000.000000,12.500000,285.776111,287.792273,288.000000
"UBR-CA",20260703,45300.000000,12.583333,283.071379,287.606298,288.000000
"UBR-CA",20260703,45600.000000,12.666667,280.371867,287.390926,288.000000
"UBR-CA",20260703,45900.000000,12.750000,282.399149,287.636379,288.000000
"UBR-CA",20260703,46200.000000,12.833333,286.399149,287.933485,288.000000
"UBR-CA",20260703,46500.000000,12.916667,288.000000,288.000000,288.000000
"UBR-CA",20260703,46800.000000,13.000000,287.004569,287.958524,288.000000
"UBR-CA",20260703,47100.000000,13.083333,287.572864,287.982203,288.000000
"UBR-CA",20260703,47400.000000,13.166667,287.969683,287.998682,288.000000
"UBR-CA",20260703,47700.000000,13.250000,288.000000,288.000000,288.000000
"UBR-CA",20260703,48000.000000,13.333333,288.000000,288.000000,288.000000
"UBR-CA",20260703,48300.000000,13.416667,288.000000,288.000000,288.000000
"UBR-CA",20260703,48600.000000,13.500000,288.000000,288.000000,288.000000
"UBR-CA",20260703,48900.000000,13.583333,288.000000,288.000000,288.000000
"UBR-CA",20260703,49200.000000,13.666667,288.000000,288.000000,288.000000
"UBR-CA",20260703,49500.000000,13.750000,288.000000,288.000000,288.000000
"UBR-CA",20260703,49800.000000,13.833333,288.000000,288.000000,288.000000
"UBR-CA",20260703,50100.000000,13.916667,288.000000,288.000000,288.000000
"UBR-CA",20260703,50400.000000,14.000000,288.000000,288.000000,288.000000
"UBR-CA",20260703,50700.000000,14.083333,288.000000,288.000000,288.000000
"UBR-CA",20260703,51000.000000,14.166667,288.000000,288.000000,288.000000
"UBR-CA",20260703,51300.000000,14.250000,288.000000,288.000000,288.000000
"UBR-CA",20260703,51600.000000,14.333333,288.000000,288.000000,288.000000
"UBR-CA",20260703,51900.000000,14.416667,288.000000,288.000000,288.000000
"UBR-CA",20260703,52200.000000,14.500000,288.000000,288.000000,288.000000
"UBR-CA",20260703,52500.000000,14.583333,288.000000,288.000000,288.000000
"UBR-CA",20260703,52800.000000,14.666667,288.000000,288.000000,288.000000
"UBR-CA",20260703,53100.000000,14.750000,288.000000,288.000000,288.000000
"UBR-CA",20260703,53400.000000,14.833333,288.000000,288.000000,288.000000
"UBR-CA",20260703,53700.000000,14.916667,288.000000,288.000000,288.000000
"UBR-CA",20260703,54000.000000,15.000000,288.000000,288.000000,288.000000
"UBR-CA",20260703,54300.000000,15.083333,287.622620,287.924524,288.000000
"UBR-CA",20260703,54600.000000,15.166667,288.000000,288.000000,288.000000
"UBR-CA",20260703,54900.000000,15.250000,288.000000,288.000000,288.000000
"UBR-CA",20260703,55200.000000,15.333333,287.207653,287.841531,288.000000
"UBR-CA",20260703,55500.000000,15.416667,288.000000,288.000000,288.000000
"UBR-CA",20260703,55800.000000,15.500000,288.000000,288.000000,288.000000
"UBR-CA",20260703,56100.000000,15.583333,288.000000,288.000000,288.000000
"UBR-CA",20260703,56400.000000,15.666667,288.000000,288.000000,288.000000
"UBR-CA",20260703,56700.000000,15.750000,288.000000,288.000000,288.000000
"UBR-CA",20260703,57000.000000,15.833333,288.000000,288.000000,288.000000
"UBR-CA",20260703,57300.000000,15.916667,288.000000,288.000000,288.000000
"UBR-CA",20260703,57600.000000,16.000000,288.000000,288.000000,288.000000
"UBR-CA",20260703,57900.000000,16.083333,288.000000,288.000000,288.000000
"UBR-CA",20260703,58200.000000,16.166667,288.000000,288.000000,288.000000
"UBR-CA",20260703,58500.000000,16.250000,288.000000,288.000000,288.000000
"UBR-CA",20260703,58800.000000,16.333333,288.000000,288.000000,288.000000
"UBR-CA",20260703,59100.000000,16.416667,288.000000,288.000000,288.000000
"UBR-CA",20260703,59400.000000,16.500000,288.000000,288.000000,288.000000
"UBR-CA",20260703,59700.000000,16.583333,288.000000,288.000000,288.000000
"UBR-CA",20260703,60000.000000,16.666667,288.000000,288.000000,288.000000
"UBR-CA",20260703,60300.000000,16.750000,288.000000,288.000000,288.000000
"UBR-CA",20260703,60600.000000,16.833333,288.000000,288.000000,288.000000
"UBR-CA",20260703,60900.000000,16.916667,288.000000,288.000000,288.000000
"UBR-CA",20260703,61200.000000,17.000000,288.000000,288.000000,288.000000
"UBR-CA",20260703,61500.000000,17.083333,288.000000,288.000000,288.000000
"UBR-CA",20260703,61800.000000,17.166667,288.000000,288.000000,288.000000
"UBR-CA",20260703,62100.000000,17.250000,287.870091,287.974018,288.000000
"UBR-CA",20260703,62400.000000,17.333333,287.857891,287.971578,288.000000
"UBR-CA",20260703,62700.000000,17.416667,288.000000,288.000000,288.000000
"UBR-CA",20260703,63000.000000,17.500000,288.000000,288.000000,288.000000
"UBR-CA",20260703,63300.000000,17.583333,288.000000,288.000000,288.000000
"UBR-CA",20260703,63600.000000,17.666667,288.000000,288.000000,288.000000
"UBR-CA",20260703,63900.000000,17.750000,288.000000,288.000000,288.000000
"UBR-CA",20260703,64200.000000,17.833333,288.000000,288.000000,288.000000
"UBR-CA",20260703,64500.000000,17.916667,288.000000,288.000000,288.000000
"UBR-CA",20260703,64800.000000,18.000000,288.000000,288.000000,288.000000
"UBR-CA",20260703,65100.000000,18.083333,288.000000,288.000000,288.000000
"UBR-CA",20260703,65400.000000,18.166667,287.033035,287.806607,288.000000
"UBR-CA",20260703,65700.000000,18.250000,287.953576,287.990715,288.000000
"UBR-CA",20260703,66000.000000,18.333333,288.000000,288.000000,288.000000
"UBR-CA",20260703,66300.000000,18.416667,285.081973,286.576416,287.981796
"UBR-CA",20260703,66600.000000,18.500000,284.867385,285.739249,286.909153
"UBR-CA",20260703,66900.000000,18.583333,285.047897,287.015966,288.000000
"UBR-CA",20260703,67200.000000,18.666667,282.404901,284.755924,288.000000
"UBR-CA",20260703,67500.000000,18.750000,278.107530,281.717550,285.418858
"UBR-CA",20260703,67800.000000,18.833333,273.700145,279.412835,282.489069
"UBR-CA",20260703,68100.000000,18.916667,269.512531,277.107468,281.065413
"UBR-CA",20260703,68400.000000,19.000000,264.815839,273.378852,277.795684
"UBR-CA",20260703,68700.000000,19.083333,260.416289,268.734719,273.279953
"UBR-CA",20260703,69000.000000,19.166667,258.763954,265.409556,269.823353
"UBR-CA",20260703,69300.000000,19.250000,254.237109,261.922072,269.050958
"UBR-CA",20260703,69600.000000,19.333333,247.025314,257.522964,268.082885
"UBR-CA",20260703,69900.000000,19.416667,239.284571,253.131903,268.695963
"UBR-CA",20260703,70200.000000,19.500000,233.657658,249.681920,266.044215
"UBR-CA",20260703,70500.000000,19.583333,230.597085,246.413383,261.543439
"UBR-CA",20260703,70800.000000,19.666667,225.880742,244.221092,258.558846
"UBR-CA",20260703,71100.000000,19.750000,224.267397,240.818944,251.149957
"UBR-CA",20260703,71400.000000,19.833333,221.407082,237.413297,247.807012
"UBR-CA",20260703,71700.000000,19.916667,220.307783,236.404771,248.776492
"UBR-CA",20260703,72000.000000,20.000000,221.591354,236.303648,250.701003
"UBR-CA",20260703,72300.000000,20.083333,216.872730,232.144020,245.569996
"UBR-CA",20260703,72600.000000,20.166667,211.256189,226.912418,237.004669
"UBR-CA",20260703,72900.000000,20.250000,208.631579,223.583171,234.506311
"UBR-CA",20260703,73200.000000,20.333333,203.616779,218.718522,230.992029
"UBR-CA",20260703,73500.000000,20.416667,203.378685,215.828713,227.552148
"UBR-CA",20260703,73800.000000,20.500000,204.631981,214.181874,224.400493
"UBR-CA",20260703,74100.000000,20.583333,204.336309,211.377307,221.166174
"UBR-CA",20260703,74400.000000,20.666667,199.391105,206.588143,214.648246
"UBR-CA",20260703,74700.000000,20.750000,195.538804,202.272330,208.990039
"UBR-CA",20260703,75000.000000,20.833333,193.054149,199.338543,204.841351
"UBR-CA",20260703,75300.000000,20.916667,191.550147,196.020082,198.351223
"UBR-CA",20260703,75600.000000,21.000000,190.243788,191.778281,193.769593
"UBR-CA",20260703,75900.000000,21.083333,182.259170,185.665051,188.812910
"UBR-CA",20260703,76200.000000,21.166667,171.994680,179.657653,186.458083
"UBR-CA",20260703,76500.000000,21.250000,167.436568,174.832323,184.155843
"UBR-CA",20260703,76800.000000,21.333333,168.200188,172.827077,181.804567
"UBR-CA",20260703,77100.000000,21.416667,166.572888,170.945093,177.761732
"UBR-CA",20260703,77400.000000,21.500000,166.128842,168.832728,173.717462
"UBR-CA",20260703,77700.000000,21.583333,164.569416,166.939746,169.928439
"UBR-CA",20260703,78000.000000,21.666667,161.051691,162.455747,164.472182
"UBR-CA",20260703,78300.000000,21.750000,155.477762,159.258609,162.506671
"UBR-CA",20260703,78600.000000,21.833333,149.021434,157.180254,163.987946
"UBR-CA",20260703,78900.000000,21.916667,148.949085,154.987178,161.593216
"UBR-CA",20260703,79200.000000,22.000000,147.274047,150.852012,157.127131
"UBR-CA",20260703,79500.000000,22.083333,144.212504,147.127523,152.668902
"UBR-CA",20260703,79800.000000,22.166667,141.444095,145.130006,149.310345
"UBR-CA",20260703,80100.000000,22.250000,135.139794,140.974797,145.277957
"UBR-CA",20260703,80400.000000,22.333333,131.763980,137.639292,140.668262
"UBR-CA",20260703,80700.000000,22.416667,125.370293,132.256681,136.698445
"UBR-CA",20260703,81000.000000,22.500000,118.691120,127.502427,135.500731
"UBR-CA",20260703,81300.000000,22.583333,114.326593,123.845925,134.336021
"UBR-CA",20260703,81600.000000,22.666667,117.852805,123.396396,131.107556
"UBR-CA",20260703,81900.000000,22.750000,116.065125,121.286187,125.940630
"UBR-CA",20260703,82200.000000,22.833333,115.410457,117.772428,119.781779
"UBR-CA",20260703,82500.000000,22.916667,110.790341,114.494174,116.489505
"UBR-CA",20260703,82800.000000,23.000000,108.313033,112.235075,114.401435
"UBR-CA",20260703,83100.000000,23.083333,107.027358,110.610331,114.574272
"UBR-CA",20260703,83400.000000,23.166667,103.124443,106.617697,113.477733
"UBR-CA",20260703,83700.000000,23.250000,99.483107,104.727128,110.844756
"UBR-CA",20260703,84000.000000,23.333333,98.003896,102.669396,106.604957
"UBR-CA",20260703,84300.000000,23.416667,95.842345,100.624202,105.377871
"UBR-CA",20260703,84600.000000,23.500000,91.716587,99.511119,106.295798
"UBR-CA",20260703,84900.000000,23.583333,85.948939,96.321740,102.146742
"UBR-CA",20260703,85200.000000,23.666667,80.905031,91.814199,99.452431
"UBR-CA",20260703,85500.000000,23.750000,81.567836,89.413256,95.613156
"UBR-CA",20260703,85800.000000,23.833333,77.906586,87.984014,97.206643
"UBR-CA",20260703,86100.000000,23.916667,75.734373,85.613647,96.074341
"UBR-CA",20260703,86400.000000,24.000000,79.232927,84.708106,94.593871
"UBR-CA",20260703,86700.000000,24.083333,80.379140,84.122852,89.677939
"UBR-CA",20260703,87000.000000,24.166667,75.844068,79.574555,86.447817
"UBR-CA",20260703,87300.000000,24.250000,71.798554,77.458720,86.651890
"UBR-CA",20260703,87600.000000,24.333333,73.728174,78.054513,85.872337
"UBR-CA",20260703,87900.000000,24.416667,71.919600,77.180113,84.062515
"UBR-CA",20260703,88200.000000,24.500000,72.791440,76.451988,78.828484
"UBR-CA",20260703,88500.000000,24.583333,72.429592,72.711850,73.224321
"UBR-CA",20260703,88800.000000,24.666667,65.900986,68.834327,71.061414
"UBR-CA",20260703,89100.000000,24.750000,62.453838,67.356697,71.861499
"UBR-CA",20260703,89400.000000,24.833333,62.360491,66.290124,71.324862
"UBR-CA",20260703,89700.000000,24.916667,59.083333,63.469061,68.041024
"UBR-CA",20260703,90000.000000,25.000000,51.416199,58.086801,62.395716
"UBR-CA",20260703,90300.000000,25.083333,52.287667,54.430986,58.600232
"UBR-CA",20260703,90600.000000,25.166667,44.813574,51.083751,55.414037
"UBR-CA",20260703,90900.000000,25.250000,45.110025,48.846989,54.792833
"UBR-CA",20260703,91200.000000,25.333333,44.986270,47.709915,51.426633
"UBR-CA",20260703,91500.000000,25.416667,42.091673,45.984846,50.794323
"UBR-CA",20260703,91800.000000,25.500000,40.263201,43.364080,47.781972
"UBR-CA",20260703,92100.000000,25.583333,42.590324,43.218708,44.363745
"UBR-CA",20260703,92400.000000,25.666667,41.605521,42.865295,44.473878
"UBR-CA",20260703,92700.000000,25.750000,38.112128,43.003718,46.687472
"UBR-CA",20260703,93000.000000,25.833333,31.335525,38.461706,42.493887
"UBR-CA",20260703,93300.000000,25.916667,30.607774,35.646881,39.191269
"UBR-CA",20260703,93600.000000,26.000000,30.995514,34.054341,37.586255
"UBR-CA",20260703,93900.000000,26.083333,25.611066,31.959503,36.872431
"UBR-CA",20260703,94200.000000,26.166667,21.357182,29.269881,34.093877
"UBR-CA",20260703,94500.000000,26.250000,24.205929,26.786484,29.997142
"UBR-CA",20260703,94800.000000,26.333333,21.663724,24.693255,27.448877
"UBR-CA",20260703,95100.000000,26.416667,15.780007,21.059349,25.062492
"UBR-CA",20260703,95400.000000,26.500000,15.839461,19.096264,21.493385
"UBR-CA",20260703,95700.000000,26.583333,17.148123,18.241487,19.733564
"UBR-CA",20260703,96000.000000,26.666667,15.389221,16.245533,17.036579
"UBR-CA",20260703,96300.000000,26.750000,12.589403,14.588514,16.020705
"UBR-CA",20260703,96600.000000,26.833333,11.283116,23.409250,52.000000
"UBR-CA",20260703,96900.000000,26.916667,9.679152,24.974780,56.000000
"UBR-CA",20260703,97200.000000,27.000000,13.465775,27.058671,54.010133
"UBR-CA",20260703,97500.000000,27.083333,17.083547,29.722767,54.784822
"UBR-CA",20260703,97800.000000,27.166667,19.165581,30.225431,49.863090
"UBR-CA",20260703,98100.000000,27.250000,21.304902,30.273093,41.902468
"UBR-CA",20260703,98400.000000,27.333333,25.304902,32.054998,39.081382
"UBR-CA",20260703,98700.000000,27.416667,29.304902,34.710205,40.487702
"UBR-CA",20260703,99000.000000,27.500000,32.617896,36.997897,43.833252
"UBR-CA",20260703,99300.000000,27.583333,34.938659,38.489727,44.744694
"UBR-CA",20260703,99600.000000,27.666667,34.245880,40.127468,46.024273
"UBR-CA",20260703,99900.000000,27.750000,33.387778,41.264065,50.024273
"UBR-CA",20260703,100200.000000,27.833333,34.020679,42.713382,53.670574
"UBR-CA",20260703,100500.000000,27.916667,38.020679,44.667500,57.074946
"UBR-CA",20260703,100800.000000,28.000000,41.756784,46.069045,56.859999
"UBR-CA",20260703,101100.000000,28.083333,43.709779,48.080705,56.539480
"UBR-CA",20260703,101400.000000,28.166667,44.409956,50.231346,60.539480
"UBR-CA",20260703,101700.000000,28.250000,45.729063,52.139614,63.091115
"UBR-CA",20260703,102000.000000,28.333333,48.441464,54.723548,66.051711
"UBR-CA",20260703,102300.000000,28.416667,50.969449,57.332320,70.051711
"UBR-CA",20260703,102600.000000,28.500000,52.518492,58.680786,69.486976
"UBR-CA",20260703,102900.000000,28.583333,51.817842,59.112519,67.497247
"UBR-CA",20260703,103200.000000,28.666667,51.990487,60.423559,71.000172
"UBR-CA",20260703,103500.000000,28.750000,51.267289,61.717823,71.349635
"UBR-CA",20260703,103800.000000,28.833333,53.256920,62.052883,71.097156
"UBR-CA",20260703,104100.000000,28.916667,56.150999,62.269897,69.147269
"UBR-CA",20260703,104400.000000,29.000000,57.571210,62.788902,65.924152
"UBR-CA",20260703,104700.000000,29.083333,57.894320,62.942108,68.230344
"UBR-CA",20260703,105000.000000,29.166667,61.894320,63.896235,65.348297
"UBR-CA",20260703,105300.000000,29.250000,62.460822,65.316615,68.702860
"UBR-CA",20260703,105600.000000,29.333333,60.840505,66.122593,72.692520
"UBR-CA",20260703,105900.000000,29.416667,57.514284,65.760833,74.031568
"UBR-CA",20260703,106200.000000,29.500000,58.073063,66.456516,73.549348
"UBR-CA",20260703,106500.000000,29.583333,62.073063,68.046683,74.402462
"UBR-CA",20260703,106800.000000,29.666667,65.008471,68.638136,74.628159
"UBR-CA",20260703,107100.000000,29.750000,64.288232,69.213945,75.843201
"UBR-CA",20260703,107400.000000,29.833333,67.340118,70.899417,77.561705
"UBR-CA",20260703,107700.000000,29.916667,70.022266,71.497894,73.234716
"UBR-CA",20260703,108000.000000,30.000000,67.986667,72.344917,75.590150
"UBR-CA",20260703,108300.000000,30.083333,68.994688,73.817698,78.311036
"UBR-CA",20260703,108600.000000,30.166667,69.620582,74.384695,79.705981
"UBR-CA",20260703,108900.000000,30.250000,68.992571,72.875855,76.366506
"UBR-CA",20260703,109200.000000,30.333333,65.752602,72.791839,77.941194
"UBR-CA",20260703,109500.000000,30.416667,68.955945,74.063794,76.350309
"UBR-CA",20260703,109800.000000,30.500000,72.955945,75.561534,77.993285
"UBR-CA",20260703,110100.000000,30.583333,74.254971,76.903360,81.993285
"UBR-CA",20260703,110400.000000,30.666667,74.100904,78.662118,85.993285
"UBR-CA",20260703,110700.000000,30.750000,72.642588,79.008748,86.595702
"UBR-CA",20260703,111000.000000,30.833333,68.229891,79.196129,87.301900
"UBR-CA",20260703,111300.000000,30.916667,68.822230,82.287548,91.075236
"UBR-CA",20260703,111600.000000,31.000000,71.002406,83.846337,92.548659
"UBR-CA",20260703,111900.000000,31.083333,75.002406,85.602762,94.489071
"UBR-CA",20260703,112200.000000,31.166667,79.002406,86.259663,92.663400
"UBR-CA",20260703,112500.000000,31.250000,83.002406,86.813645,90.673662
"UBR-CA",20260703,112800.000000,31.333333,82.970171,87.828184,92.148109
"UBR-CA",20260703,113100.000000,31.416667,82.092665,87.833310,94.433340
"UBR-CA",20260703,113400.000000,31.500000,83.030929,88.561869,96.839186
"UBR-CA",20260703,113700.000000,31.583333,83.801322,88.736083,95.091101
"UBR-CA",20260703,114000.000000,31.666667,84.063718,89.645314,97.308285
"UBR-CA",20260703,114300.000000,31.750000,83.633519,90.904322,99.154763
"UBR-CA",20260703,114600.000000,31.833333,83.951993,91.544002,98.144080
"UBR-CA",20260703,114900.000000,31.916667,80.399789,90.890366,96.384622
"UBR-CA",20260703,115200.000000,32.000000,77.687912,90.144768,99.043056
"UBR-CA",20260703,115500.000000,32.083333,74.560792,89.020854,103.043056
"UBR-CA",20260703,115800.000000,32.166667,78.560792,90.100727,102.014693
"UBR-CA",20260703,116100.000000,32.250000,82.273992,90.966810,100.043148
"UBR-CA",20260703,116400.000000,32.333333,84.125039,90.233650,96.161449
"UBR-CA",20260703,116700.000000,32.416667,84.664529,87.987750,91.613301
"UBR-CA",20260703,117000.000000,32.500000,84.579233,87.750245,92.755729
"UBR-CA",20260703,117300.000000,32.583333,85.324249,89.617542,94.617639
"UBR-CA",20260703,117600.000000,32.666667,87.438929,91.265432,97.363505
"UBR-CA",20260703,117900.000000,32.750000,91.250975,94.057874,98.324314
"UBR-CA",20260703,118200.000000,32.833333,95.143077,96.593113,100.186376
"UBR-CA",20260703,118500.000000,32.916667,95.657547,98.061717,101.909808
"UBR-CA",20260703,118800.000000,33.000000,93.809487,98.862974,104.166453
"UBR-CA",20260703,119100.000000,33.083333,95.476661,101.421461,107.021952
"UBR-CA",20260703,119400.000000,33.166667,98.185114,103.047290,105.826827
"UBR-CA",20260703,119700.000000,33.250000,98.815179,103.605987,106.822866
"UBR-CA",20260703,120000.000000,33.333333,98.488676,104.333514,107.411841
"UBR-CA",20260703,120300.000000,33.416667,96.551798,105.369852,111.411841
"UBR-CA",20260703,120600.000000,33.500000,95.414971,107.664061,115.411841
"UBR-CA",20260703,120900.000000,33.583333,95.584450,110.492446,118.555902
"UBR-CA",20260703,121200.000000,33.666667,99.584450,113.347632,121.327824
"UBR-CA",20260703,121500.000000,33.750000,101.836263,114.590989,124.437961
"UBR-CA",20260703,121800.000000,33.833333,103.107275,115.949767,125.190279
"UBR-CA",20260703,122100.000000,33.916667,105.979214,117.615846,124.516763
"UBR-CA",20260703,122400.000000,34.000000,107.762562,118.434289,124.059004
"UBR-CA",20260703,122700.000000,34.083333,107.027006,117.681351,123.764562
"UBR-CA",20260703,123000.000000,34.166667,110.475740,119.008715,124.294223
"UBR-CA",20260703,123300.000000,34.250000,112.504447,120.439012,126.008749
"UBR-CA",20260703,123600.000000,34.333333,112.395938,122.278292,128.116831
"UBR-CA",20260703,123900.000000,34.416667,111.034073,124.217595,130.765864
"UBR-CA",20260703,124200.000000,34.500000,112.283528,125.940053,133.049941
"UBR-CA",20260703,124500.000000,34.583333,113.456545,126.109803,135.538112
"UBR-CA",20260703,124800.000000,34.666667,117.456545,125.484607,138.506321
"UBR-CA",20260703,125100.000000,34.750000,121.456545,128.374835,140.685560
"UBR-CA",20260703,125400.000000,34.833333,125.456545,129.513701,138.955956
"UBR-CA",20260703,125700.000000,34.916667,124.213044,131.028905,142.464855
"UBR-CA",20260703,126000.000000,35.000000,123.408994,131.607757,142.877113
"UBR-CA",20260703,126300.000000,35.083333,122.241956,131.997605,144.294700
"UBR-CA",20260703,126600.000000,35.166667,124.530661,133.447184,142.665828
"UBR-CA",20260703,126900.000000,35.250000,128.530661,136.518597,145.409683
"UBR-CA",20260703,127200.000000,35.333333,132.460275,138.810784,147.154100
"UBR-CA",20260703,127500.000000,35.416667,133.202763,139.949021,147.251347
"UBR-CA",20260703,127800.000000,35.500000,133.739422,139.874716,145.286276
"UBR-CA",20260703,128100.000000,35.583333,133.341693,141.104814,145.201584
"UBR-CA",20260703,128400.000000,35.666667,132.909549,141.872147,146.843329
"UBR-CA",20260703,128700.000000,35.750000,132.557049,142.106125,147.214136
"UBR-CA",20260703,129000.000000,35.833333,132.030329,141.698915,146.414469
"UBR-CA",20260703,129300.000000,35.916667,132.990769,142.167852,149.102155
"UBR-CA",20260703,129600.000000,36.000000,135.232966,144.083366,151.442872
"UBR-CA",20260703,129900.000000,36.083333,137.945658,147.283619,153.531190
"UBR-CA",20260703,130200.000000,36.166667,138.459082,149.617265,154.854568
"UBR-CA",20260703,130500.000000,36.250000,137.487491,150.645025,158.314807
"UBR-CA",20260703,130800.000000,36.333333,135.572676,150.933117,158.045900
"UBR-CA",20260703,131100.000000,36.416667,135.290613,151.367166,158.146614
"UBR-CA",20260703,131400.000000,36.500000,137.130066,152.040576,158.156799
"UBR-CA",20260703,131700.000000,36.583333,137.068862,151.557488,157.999050
"UBR-CA",20260703,132000.000000,36.666667,139.400283,151.232744,159.477708
"UBR-CA",20260703,132300.000000,36.750000,141.799987,151.691651,159.442494
"UBR-CA",20260703,132600.000000,36.833333,143.776313,152.381636,161.903884
"UBR-CA",20260703,132900.000000,36.916667,146.758987,153.459486,164.289530
"UBR-CA",20260703,133200.000000,37.000000,145.965864,153.896925,164.644681
"UBR-CA",20260703,133500.000000,37.083333,146.468462,154.251392,162.611546
"UBR-CA",20260703,133800.000000,37.166667,144.474950,154.179673,163.478594
"UBR-CA",20260703,134100.000000,37.250000,143.670705,155.456347,165.143366
"UBR-CA",20260703,134400.000000,37.333333,144.618863,157.454841,168.769498
"UBR-CA",20260703,134700.000000,37.416667,145.409061,159.933336,172.769498
"UBR-CA",20260703,135000.000000,37.500000,149.409061,162.477390,172.761150
"UBR-CA",20260703,135300.000000,37.583333,152.363194,164.265160,171.785014
"UBR-CA",20260703,135600.000000,37.666667,152.555839,165.164761,171.229821
"UBR-CA",20260703,135900.000000,37.750000,156.555839,166.950376,173.534061
"UBR-CA",20260703,136200.000000,37.833333,158.826210,168.524096,175.895285
"UBR-CA",20260703,136500.000000,37.916667,157.934121,167.368069,176.420063
"UBR-CA",20260703,136800.000000,38.000000,157.619517,167.532969,176.545885
"UBR-CA",20260703,137100.000000,38.083333,158.420101,166.810542,176.557497
"UBR-CA",20260703,137400.000000,38.166667,158.628273,166.475796,175.936737
"UBR-CA",20260703,137700.000000,38.250000,161.281615,167.579815,175.626847
"UBR-CA",20260703,138000.000000,38.333333,164.571034,170.302291,178.685220
"UBR-CA",20260703,138300.000000,38.416667,162.827588,172.446333,181.742189
"UBR-CA",20260703,138600.000000,38.500000,160.921855,172.408799,182.829862
"UBR-CA",20260703,138900.000000,38.583333,162.801058,174.398809,183.589651
"UBR-CA",20260703,139200.000000,38.666667,161.909562,176.541668,187.589651
"UBR-CA",20260703,139500.000000,38.750000,163.014939,177.861320,189.069768
"UBR-CA",20260703,139800.000000,38.833333,162.235490,179.346208,191.425744
"UBR-CA",20260703,140100.000000,38.916667,165.014638,180.477883,191.069010
"UBR-CA",20260703,140400.000000,39.000000,166.568056,180.499915,188.493340
"UBR-CA",20260703,140700.000000,39.083333,170.568056,182.560731,191.059074
"UBR-CA",20260703,141000.000000,39.166667,173.703122,184.236559,193.272654
"UBR-CA",20260703,141300.000000,39.250000,175.033498,185.473925,195.613237
"UBR-CA",20260703,141600.000000,39.333333,179.033498,186.927271,196.593820
"UBR-CA",20260703,141900.000000,39.416667,180.956952,187.598898,196.230678
"UBR-CA",20260703,142200.000000,39.500000,182.903720,189.836837,198.166348
"UBR-CA",20260703,142500.000000,39.583333,184.092035,191.218313,200.940084
"UBR-CA",20260703,142800.000000,39.666667,186.121389,193.018669,200.066858
"UBR-CA",20260703,143100.000000,39.750000,190.037301,195.445846,204.066858
"UBR-CA",20260703,143400.000000,39.833333,188.331648,196.644033,206.826676
"UBR-CA",20260703,143700.000000,39.916667,186.213828,198.156393,210.258399
"UBR-CA",20260703,144000.000000,40.000000,188.150375,200.358171,209.609693
"UBR-CA",20260703,144300.000000,40.083333,190.618623,202.286324,208.031229
"UBR-CA",20260703,144600.000000,40.166667,190.866780,203.857860,209.967425
"UBR-CA",20260703,144900.000000,40.250000,189.463036,205.109450,212.339036
"UBR-CA",20260703,145200.000000,40.333333,190.910635,204.560705,212.497826
"UBR-CA",20260703,145500.000000,40.416667,191.126882,205.216241,215.282017
"UBR-CA",20260703,145800.000000,40.500000,191.352216,206.472439,215.390599
"UBR-CA",20260703,146100.000000,40.583333,194.462859,208.783235,217.571718
"UBR-CA",20260703,146400.000000,40.666667,195.290550,209.699934,217.580856
"UBR-CA",20260703,146700.000000,40.750000,196.795119,210.697387,216.686307
"UBR-CA",20260703,147000.000000,40.833333,200.210233,211.286934,217.186999
"UBR-CA",20260703,147300.000000,40.916667,201.738969,211.082195,217.350774
"UBR-CA",20260703,147600.000000,41.000000,202.355824,212.072911,220.120259
"UBR-CA",20260703,147900.000000,41.083333,204.220611,211.984496,220.521179
"UBR-CA",20260703,148200.000000,41.166667,202.838706,211.115071,221.030832
"UBR-CA",20260703,148500.000000,41.250000,201.851366,212.256551,222.507439
"UBR-CA",20260703,148800.000000,41.333333,204.181308,213.122791,223.015574
"UBR-CA",20260703,149100.000000,41.416667,204.935579,212.842119,223.255174
"UBR-CA",20260703,149400.000000,41.500000,204.670446,211.930277,225.008875
"UBR-CA",20260703,149700.000000,41.583333,198.615831,210.613591,226.558895
"UBR-CA",20260703,150000.000000,41.666667,201.545270,211.420348,227.651899
"UBR-CA",20260703,150300.000000,41.750000,205.545270,212.578511,225.512728
"UBR-CA",20260703,150600.000000,41.833333,206.673246,213.463752,223.040411
"UBR-CA",20260703,150900.000000,41.916667,205.069377,214.248147,221.833594
"UBR-CA",20260703,151200.000000,42.000000,206.181919,213.324118,224.119016
"UBR-CA",20260703,151500.000000,42.083333,206.475360,214.726178,226.405493
"UBR-CA",20260703,151800.000000,42.166667,207.710736,217.264490,227.981741
"UBR-CA",20260703,152100.000000,42.250000,207.666391,219.150081,228.798380
"UBR-CA",20260703,152400.000000,42.333333,206.458566,220.494069,230.762979
"UBR-CA",20260703,152700.000000,42.416667,200.804539,221.491030,234.762979
"UBR-CA",20260703,153000.000000,42.500000,197.832762,223.106505,237.527998
"UBR-CA",20260703,153300.000000,42.583333,201.832762,223.461915,236.500172
"UBR-CA",20260703,153600.000000,42.666667,204.371609,224.949255,236.577518
"UBR-CA",20260703,153900.000000,42.750000,206.546702,224.900001,239.332147
"UBR-CA",20260703,154200.000000,42.833333,206.554688,225.078088,240.403751
"UBR-CA",20260703,154500.000000,42.916667,208.640860,226.221445,240.601512
"UBR-CA",20260703,154800.000000,43.000000,211.020801,226.955520,240.500211
"UBR-CA",20260703,155100.000000,43.083333,213.129736,228.307129,242.113729
"UBR-CA",20260703,155400.000000,43.166667,210.892173,228.372968,243.716020
"UBR-CA",20260703,155700.000000,43.250000,212.504764,228.826214,242.656398
"UBR-CA",20260703,156000.000000,43.333333,213.488992,230.924878,244.169450
"UBR-CA",20260703,156300.000000,43.416667,217.087288,233.388820,247.716734
"UBR-CA",20260703,156600.000000,43.500000,217.968999,235.845222,249.319273
"UBR-CA",20260703,156900.000000,43.583333,218.534689,236.547039,248.964527
"UBR-CA",20260703,157200.000000,43.666667,220.371571,235.904259,246.865722
"UBR-CA",20260703,157500.000000,43.750000,221.546542,235.643165,245.639567
"UBR-CA",20260703,157800.000000,43.833333,225.546542,237.303201,248.405414
"UBR-CA",20260703,158100.000000,43.916667,229.247636,239.684908,250.482873
"UBR-CA",20260703,158400.000000,44.000000,233.247636,242.196654,251.953830
"UBR-CA",20260703,158700.000000,44.083333,235.200200,243.842132,250.476109
"UBR-CA",20260703,159000.000000,44.166667,236.089678,243.654245,248.054647
"UBR-CA",20260703,159300.000000,44.250000,240.089678,244.826164,249.825830
"UBR-CA",20260703,159600.000000,44.333333,244.089678,246.939193,251.459615
"UBR-CA",20260703,159900.000000,44.416667,242.517518,248.775598,255.459615
"UBR-CA",20260703,160200.000000,44.500000,239.407402,249.785726,256.130042
"UBR-CA",20260703,160500.000000,44.583333,238.327660,251.056884,257.909333
"UBR-CA",20260703,160800.000000,44.666667,240.299927,253.599282,260.934318
"UBR-CA",20260703,161100.000000,44.750000,244.299927,253.732540,260.589721
"UBR-CA",20260703,161400.000000,44.833333,247.548651,255.937989,260.052363
"UBR-CA",20260703,161700.000000,44.916667,251.548651,258.855317,262.310060
"UBR-CA",20260703,162000.000000,45.000000,250.557888,259.959500,265.582824
"UBR-CA",20260703,162300.000000,45.083333,253.164675,262.377658,267.565367
"UBR-CA",20260703,162600.000000,45.166667,257.164675,265.562321,270.308521
"UBR-CA",20260703,162900.000000,45.250000,257.949465,266.983440,273.185187
"UBR-CA",20260703,163200.000000,45.333333,258.516147,268.324906,277.185187
"UBR-CA",20260703,163500.000000,45.416667,261.710632,271.542590,281.185187
"UBR-CA",20260703,163800.000000,45.500000,263.591565,273.579398,285.185187
"UBR-CA",20260703,164100.000000,45.583333,267.444192,275.170125,286.923755
"UBR-CA",20260703,164400.000000,45.666667,267.927787,276.295467,288.000000
"UBR-CA",20260703,164700.000000,45.750000,267.133540,277.049667,288.000000
"UBR-CA",20260703,165000.000000,45.833333,269.627347,278.595626,288.000000
"UBR-CA",20260703,165300.000000,45.916667,269.218432,279.211442,286.725747
"UBR-CA",20260703,165600.000000,46.000000,270.385876,281.012183,287.777359
"UBR-CA",20260703,165900.000000,46.083333,274.385876,283.231366,288.000000
"UBR-CA",20260703,166200.000000,46.166667,278.385876,285.138254,288.000000
"UBR-CA",20260703,166500.000000,46.250000,282.385876,286.596469,288.000000
"UBR-CA",20260703,166800.000000,46.333333,285.909681,287.476089,288.000000
"UBR-CA",20260703,167100.000000,46.416667,288.000000,288.000000,288.000000
"UBR-CA",20260703,167400.000000,46.500000,288.000000,288.000000,288.000000
"UBR-CA",20260703,167700.000000,46.583333,287.801270,287.950318,288.000000
"UBR-CA",20260703,168000.000000,46.666667,284.084597,286.751855,288.000000
"UBR-CA",20260703,168300.000000,46.750000,281.536150,286.384038,288.000000
"UBR-CA",20260703,168600.000000,46.833333,285.536150,287.384038,288.000000
"UBR-CA",20260703,168900.000000,46.916667,288.000000,288.000000,288.000000
"UBR-CA",20260703,169200.000000,47.000000,288.000000,288.000000,288.000000
"UBR-CA",20260703,169500.000000,47.083333,287.771034,287.942758,288.000000
"UBR-CA",20260703,169800.000000,47.166667,288.000000,288.000000,288.000000
"UBR-CA",20260703,170100.000000,47.250000,287.465491,287.866373,288.000000
"UBR-CA",20260703,170400.000000,47.333333,287.848464,287.962116,288.000000
"UBR-CA",20260703,170700.000000,47.416667,284.627429,287.034577,288.000000
"UBR-CA",20260703,171000.000000,47.500000,284.788119,287.197030,288.000000
"UBR-CA",20260703,171300.000000,47.583333,286.787383,287.696846,288.000000
"UBR-CA",20260703,171600.000000,47.666667,286.019392,287.504848,288.000000
"UBR-CA",20260703,171900.000000,47.750000,288.000000,288.000000,288.000000
"UBR-CA",20260703,172200.000000,47.833333,288.000000,288.000000,288.000000
"UBR-CA",20260703,172500.000000,47.916667,288.000000,288.000000,288.000000
"UBR-CA",20260703,172800.000000,48.000000,287.879993,287.969998,288.000000
"UBR-CA",20260703,173100.000000,48.083333,286.695476,287.566481,288.000000
"UBR-CA",20260703,173400.000000,48.166667,287.739414,287.934854,288.000000
"UBR-CA",20260703,173700.000000,48.250000,287.888657,287.972164,288.000000
"UBR-CA",20260703,174000.000000,48.333333,288.000000,288.000000,288.000000
"UBR-CA",20260703,174300.000000,48.416667,288.000000,288.000000,288.000000
"UBR-CA",20260703,174600.000000,48.500000,285.525097,287.381274,288.000000
"UBR-CA",20260703,174900.000000,48.583333,284.810817,287.202704,288.000000
"UBR-CA",20260703,175200.000000,48.666667,282.236648,286.559162,288.000000
"UBR-CA",20260703,175500.000000,48.750000,283.723179,286.930795,288.000000
"UBR-CA",20260703,175800.000000,48.833333,285.712691,287.002166,288.000000
"UBR-CA",20260703,176100.000000,48.916667,284.794658,286.491332,288.000000
"UBR-CA",20260703,176400.000000,49.000000,284.760516,286.204767,288.000000
"UBR-CA",20260703,176700.000000,49.083333,284.256377,286.577177,288.000000
"UBR-CA",20260703,177000.000000,49.166667,286.619888,287.295458,288.000000
"UBR-CA",20260703,177300.000000,49.250000,285.722902,287.430726,288.000000
"UBR-CA",20260703,177600.000000,49.333333,286.116243,287.150282,288.000000
"UBR-CA",20260703,177900.000000,49.416667,283.558857,285.926944,288.000000
"UBR-CA",20260703,178200.000000,49.500000,282.635061,286.240922,288.000000
"UBR-CA",20260703,178500.000000,49.583333,285.327160,287.331790,288.000000
"UBR-CA",20260703,178800.000000,49.666667,284.666365,286.966618,288.000000
"UBR-CA",20260703,179100.000000,49.750000,281.864963,286.457720,288.000000
"UBR-CA",20260703,179400.000000,49.833333,280.852101,286.213025,288.000000
"UBR-CA",20260703,179700.000000,49.916667,281.957852,286.489463,288.000000
"UBR-CA",20260703,180000.000000,50.000000,284.130420,287.032605,288.000000
"UBR-CA",20260703,180300.000000,50.083333,285.341885,287.335471,288.000000
"UBR-CA",20260703,180600.000000,50.166667,283.150881,286.483618,288.000000
"UBR-CA",20260703,180900.000000,50.250000,283.495208,285.688778,288.000000
"UBR-CA",20260703,181200.000000,50.333333,285.342227,286.691995,288.000000
"UBR-CA",20260703,181500.000000,50.416667,286.771107,287.692777,288.000000
"UBR-CA",20260703,181800.000000,50.500000,286.760164,287.690041,288.000000
"UBR-CA",20260703,182100.000000,50.583333,285.378378,287.344595,288.000000
"UBR-CA",20260703,182400.000000,50.666667,284.862759,287.215690,288.000000
"UBR-CA",20260703,182700.000000,50.750000,284.705363,287.176341,288.000000
"UBR-CA",20260703,183000.000000,50.833333,286.528121,286.997608,287.602335
"UBR-CA",20260703,183300.000000,50.916667,285.456599,286.804906,288.000000
"UBR-CA",20260703,183600.000000,51.000000,281.851238,285.139481,288.000000
"UBR-CA",20260703,183900.000000,51.083333,277.949397,283.494155,288.000000
"UBR-CA",20260703,184200.000000,51.166667,276.825102,282.682913,288.000000
"UBR-CA",20260703,184500.000000,51.250000,278.559177,282.683497,288.000000
"UBR-CA",20260703,184800.000000,51.333333,273.829565,277.275990,283.992217
"UBR-CA",20260703,185100.000000,51.416667,266.016432,273.413048,282.621510
"UBR-CA",20260703,185400.000000,51.500000,264.177736,269.706300,275.867824
"UBR-CA",20260703,185700.000000,51.583333,261.132583,267.092897,273.137633
"UBR-CA",20260703,186000.000000,51.666667,259.140254,265.796714,274.510165
"UBR-CA",20260703,186300.000000,51.750000,256.743825,264.409856,273.848258
"UBR-CA",20260703,186600.000000,51.833333,249.442179,260.431023,269.714015
"UBR-CA",20260703,186900.000000,51.916667,246.933285,255.399772,259.884671
"UBR-CA",20260703,187200.000000,52.000000,240.489096,252.420852,258.861254
"UBR-CA",20260703,187500.000000,52.083333,239.045604,248.921058,254.779275
"UBR-CA",20260703,187800.000000,52.166667,233.649724,245.815202,252.091828
"UBR-CA",20260703,188100.000000,52.250000,233.450173,244.329671,249.923401
"UBR-CA",20260703,188400.000000,52.333333,233.186222,244.550247,251.397134
"UBR-CA",20260703,188700.000000,52.416667,233.550231,245.136333,252.943068
"UBR-CA",20260703,189000.000000,52.500000,235.398444,242.230813,245.985981
"UBR-CA",20260703,189300.000000,52.583333,236.960387,240.116863,246.375927
"UBR-CA",20260703,189600.000000,52.666667,234.942908,239.430000,245.807258
"UBR-CA",20260703,189900.000000,52.750000,230.231357,236.722834,244.681661
"UBR-CA",20260703,190200.000000,52.833333,226.444352,234.048326,241.435788
"UBR-CA",20260703,190500.000000,52.916667,222.726781,230.499827,239.730778
"UBR-CA",20260703,190800.000000,53.000000,218.549021,226.760492,233.645949
"UBR-CA",20260703,191100.000000,53.083333,213.648699,223.310670,229.158709
"UBR-CA",20260703,191400.000000,53.166667,211.513423,217.374609,222.807386
"UBR-CA",20260703,191700.000000,53.250000,208.030223,212.128697,219.290577
"UBR-CA",20260703,192000.000000,53.333333,203.085332,208.247437,216.382131
"UBR-CA",20260703,192300.000000,53.416667,196.289616,202.708620,210.870267
"UBR-CA",20260703,192600.000000,53.500000,195.052464,198.855334,205.624257
"UBR-CA",20260703,192900.000000,53.583333,190.680681,195.079684,201.483864
"UBR-CA",20260703,193200.000000,53.666667,186.211790,190.052073,196.881402
"UBR-CA",20260703,193500.000000,53.750000,181.147394,186.992595,192.354442
"UBR-CA",20260703,193800.000000,53.833333,178.862744,184.506936,188.088889
"UBR-CA",20260703,194100.000000,53.916667,180.253277,184.286814,187.747644
"UBR-CA",20260703,194400.000000,54.000000,180.833888,182.772708,184.059707
"UBR-CA",20260703,194700.000000,54.083333,175.231657,178.414822,181.775834
"UBR-CA",20260703,195000.000000,54.166667,172.251604,175.319583,179.004931
"UBR-CA",20260703,195300.000000,54.250000,170.611325,171.952814,174.544480
"UBR-CA",20260703,195600.000000,54.333333,163.972997,165.905868,166.917891
"UBR-CA",20260703,195900.000000,54.416667,158.592555,161.762536,166.106405
"UBR-CA",20260703,196200.000000,54.500000,151.904992,158.526523,165.641247
"UBR-CA",20260703,196500.000000,54.583333,148.944712,156.853675,165.651877
"UBR-CA",20260703,196800.000000,54.666667,151.839180,154.257996,158.768143
"UBR-CA",20260703,197100.000000,54.750000,152.599492,152.909566,153.284290
"UBR-CA",20260703,197400.000000,54.833333,145.475176,149.406637,154.009437
"UBR-CA",20260703,197700.000000,54.916667,141.826540,145.652567,151.494328
"UBR-CA",20260703,198000.000000,55.000000,139.957733,142.412942,147.204216
"UBR-CA",20260703,198300.000000,55.083333,135.517834,137.984738,141.920111
"UBR-CA",20260703,198600.000000,55.166667,131.842161,133.876324,137.651433
"UBR-CA",20260703,198900.000000,55.250000,128.638055,131.757806,134.394438
"UBR-CA",20260703,199200.000000,55.333333,125.122575,128.419497,130.503122
"UBR-CA",20260703,199500.000000,55.416667,126.182668,126.460337,126.613497
"UBR-CA",20260703,199800.000000,55.500000,120.998473,123.837011,126.939376
"UBR-CA",20260703,200100.000000,55.583333,114.772856,120.752349,126.549811
"UBR-CA",20260703,200400.000000,55.666667,112.988731,116.956728,121.385775
"UBR-CA",20260703,200700.000000,55.750000,111.207934,113.826861,117.087183
"UBR-CA",20260703,201000.000000,55.833333,110.357506,114.525544,120.374983
"UBR-CA",20260703,201300.000000,55.916667,105.546320,114.458417,122.247611
"UBR-CA",20260703,201600.000000,56.000000,104.230267,111.839665,120.738436
"UBR-CA",20260703,201900.000000,56.083333,101.906100,109.618222,118.050079
"UBR-CA",20260703,202200.000000,56.166667,97.833130,105.704641,113.313201
"UBR-CA",20260703,202500.000000,56.250000,95.235171,102.174532,110.060642
"UBR-CA",20260703,202800.000000,56.333333,89.935894,97.416289,105.850471
"UBR-CA",20260703,203100.000000,56.416667,88.250213,94.552804,99.890464
"UBR-CA",20260703,203400.000000,56.500000,87.115752,91.452626,94.422504
"UBR-CA",20260703,203700.000000,56.583333,81.737574,89.134851,94.215140
"UBR-CA",20260703,204000.000000,56.666667,77.487497,85.995406,90.640569
"UBR-CA",20260703,204300.000000,56.750000,70.333326,81.194629,89.301952
"UBR-CA",20260703,204600.000000,56.833333,65.366538,75.096524,85.010785
"UBR-CA",20260703,204900.000000,56.916667,63.981012,71.936229,82.747425
"UBR-CA",20260703,205200.000000,57.000000,62.602063,70.174087,79.134777
"UBR-CA",20260703,205500.000000,57.083333,59.786606,67.365493,73.902856
"UBR-CA",20260703,205800.000000,57.166667,58.881683,65.120883,68.853052
"UBR-CA",20260703,206100.000000,57.250000,57.129298,63.327911,67.660366
"UBR-CA",20260703,206400.000000,57.333333,57.428480,60.809129,66.528221
"UBR-CA",20260703,206700.000000,57.416667,52.081659,57.605795,62.948130
"UBR-CA",20260703,207000.000000,57.500000,42.597375,55.241622,63.363905
"UBR-CA",20260703,207300.000000,57.583333,42.979776,53.378593,63.123527
"UBR-CA",20260703,207600.000000,57.666667,44.451600,50.825793,60.901402
"UBR-CA",20260703,207900.000000,57.750000,46.770843,49.602471,54.809356
"UBR-CA",20260703,208200.000000,57.833333,47.502663,49.032566,50.051197
"UBR-CA",20260703,208500.000000,57.916667,44.428071,46.170808,48.940847
"UBR-CA",20260703,208800.000000,58.000000,39.865880,43.704171,49.490760
"UBR-CA",20260703,209100.000000,58.083333,36.569831,42.658208,47.362395
"UBR-CA",20260703,209400.000000,58.166667,30.125180,37.923425,43.983910
"UBR-CA",20260703,209700.000000,58.250000,32.141932,34.369522,37.964645
"UBR-CA",20260703,210000.000000,58.333333,23.720616,31.854195,38.119120
"UBR-CA",20260703,210300.000000,58.416667,22.779202,30.612259,35.318336
"UBR-CA",20260703,210600.000000,58.500000,24.960840,29.301751,31.563462
"UBR-CA",20260703,210900.000000,58.583333,26.245701,27.841855,28.960840
"UBR-CA",20260703,211200.000000,58.666667,24.100822,25.301381,26.308601
"UBR-CA",20260703,211500.000000,58.750000,20.958005,24.354240,26.397868
"UBR-CA",20260703,211800.000000,58.833333,18.014095,20.232621,21.477354
"UBR-CA",20260703,212100.000000,58.916667,15.286728,16.776079,19.344481
"UBR-CA",20260703,212400.000000,59.000000,10.108295,12.319330,15.082582
"UBR-CA",20260703,212700.000000,59.083333,9.137947,22.180865,52.000000
"UBR-CA",20260703,213000.000000,59.166667,9.610558,23.641697,49.588078
"UBR-CA",20260703,213300.000000,59.250000,13.610558,25.238727,45.045438
"UBR-CA",20260703,213600.000000,59.333333,17.610558,25.410457,37.263040
"UBR-CA",20260703,213900.000000,59.416667,21.610558,26.543774,32.631863
"UBR-CA",20260703,214200.000000,59.500000,24.733165,26.899261,29.976065
"UBR-CA",20260703,214500.000000,59.583333,26.223199,28.278605,30.352392
"UBR-CA",20260703,214800.000000,59.666667,24.308484,29.229516,32.772878
"UBR-CA",20260703,215100.000000,59.750000,26.395902,29.774088,34.464132
"UBR-CA",20260703,215400.000000,59.833333,25.498129,30.039147,36.017215
"UBR-CA",20260703,215700.000000,59.916667,28.103257,31.995011,37.404978
"UBR-CA",20260703,216000.000000,60.000000,29.255577,32.978907,38.697938
"UBR-CA",20260703,216300.000000,60.083333,29.988800,33.052958,35.475906
"UBR-CA",20260703,216600.000000,60.166667,31.081982,34.164011,39.202867
"UBR-CA",20260703,216900.000000,60.250000,33.401338,36.874995,43.202867
"UBR-CA",20260703,217200.000000,60.333333,30.410514,37.723356,41.694863
"UBR-CA",20260703,217500.000000,60.416667,31.388353,38.473130,41.205095
"UBR-CA",20260703,217800.000000,60.500000,35.388353,40.291696,43.695471
"UBR-CA",20260703,218100.000000,60.583333,37.402682,40.434334,43.561606
"UBR-CA",20260703,218400.000000,60.666667,39.529621,40.638969,43.755691
"UBR-CA",20260703,218700.000000,60.750000,37.998162,41.770193,45.327673
"UBR-CA",20260703,219000.000000,60.833333,39.526193,42.655242,44.799438
"UBR-CA",20260703,219300.000000,60.916667,41.968311,43.211910,45.495543
"UBR-CA",20260703,219600.000000,61.000000,41.291522,44.065903,45.968311
"UBR-CA",20260703,219900.000000,61.083333,44.890724,45.584390,46.449760
"UBR-CA",20260703,220200.000000,61.166667,43.106605,45.566032,48.448784
"UBR-CA",20260703,220500.000000,61.250000,43.077406,46.558178,50.516171
"UBR-CA",20260703,220800.000000,61.333333,41.285094,48.622764,53.322889
"UBR-CA",20260703,221100.000000,61.416667,43.561696,50.080791,54.263209
"UBR-CA",20260703,221400.000000,61.500000,43.658842,49.798026,53.717172
"UBR-CA",20260703,221700.000000,61.583333,44.918549,51.405007,54.313782
"UBR-CA",20260703,222000.000000,61.666667,47.618398,52.676472,55.704568
"UBR-CA",20260703,222300.000000,61.750000,51.618398,54.747793,57.764133
"UBR-CA",20260703,222600.000000,61.833333,55.335418,56.963692,59.638556
"UBR-CA",20260703,222900.000000,61.916667,57.752995,59.245919,60.535275
"UBR-CA",20260703,223200.000000,62.000000,57.987249,60.364023,61.397585
"UBR-CA",20260703,223500.000000,62.083333,59.051298,61.857804,63.839593
"UBR-CA",20260703,223800.000000,62.166667,58.881189,63.528564,67.786165
"UBR-CA",20260703,224100.000000,62.250000,59.706998,64.106571,67.523000
"UBR-CA",20260703,224400.000000,62.333333,60.706260,64.425294,68.411537
"UBR-CA",20260703,224700.000000,62.416667,61.425303,66.142705,70.158442
"UBR-CA",20260703,225000.000000,62.500000,65.314328,67.880111,70.298955
"UBR-CA",20260703,225300.000000,62.583333,66.651115,69.682682,72.253841
"UBR-CA",20260703,225600.000000,62.666667,65.155143,70.850448,74.859198
"UBR-CA",20260703,225900.000000,62.750000,64.153130,72.075894,78.859198
"UBR-CA",20260703,226200.000000,62.833333,66.901576,72.965642,79.350896
"UBR-CA",20260703,226500.000000,62.916667,70.399252,75.211419,81.324677
"UBR-CA",20260703,226800.000000,63.000000,72.941751,77.100202,85.324677
"UBR-CA",20260703,227100.000000,63.083333,74.469173,79.333628,86.968749
"UBR-CA",20260703,227400.000000,63.166667,75.827025,81.127532,85.662689
"UBR-CA",20260703,227700.000000,63.250000,79.827025,83.140832,85.240519
"UBR-CA",20260703,228000.000000,63.333333,78.994768,84.414541,88.470887
"UBR-CA",20260703,228300.000000,63.416667,77.205572,85.369338,90.596939
"UBR-CA",20260703,228600.000000,63.500000,80.752082,88.116896,91.880672
"UBR-CA",20260703,228900.000000,63.583333,82.352107,90.567585,94.688491
"UBR-CA",20260703,229200.000000,63.666667,85.066145,92.125591,97.057223
"UBR-CA",20260703,229500.000000,63.750000,89.066145,93.627233,99.525020
"UBR-CA",20260703,229800.000000,63.833333,89.422222,94.247203,101.357145
"UBR-CA",20260703,230100.000000,63.916667,86.720678,94.529829,103.006372
"UBR-CA",20260703,230400.000000,64.000000,86.899274,95.355042,104.255641
"UBR-CA",20260703,230700.000000,64.083333,88.225410,97.472268,106.684442
"UBR-CA",20260703,231000.000000,64.166667,89.873519,98.468049,109.119582
"UBR-CA",20260703,231300.000000,64.250000,88.818092,98.347184,106.631494
"UBR-CA",20260703,231600.000000,64.333333,90.878543,100.372580,105.913443
"UBR-CA",20260703,231900.000000,64.416667,94.878543,103.211137,108.647734
"UBR-CA",20260703,232200.000000,64.500000,98.878543,104.925520,110.238619
"UBR-CA",20260703,232500.000000,64.583333,101.740804,106.098038,113.045214
"UBR-CA",20260703,232800.000000,64.666667,105.097153,109.207044,115.908458
"UBR-CA",20260703,233100.000000,64.750000,107.680492,111.000176,116.497376
"UBR-CA",20260703,233400.000000,64.833333,107.362489,111.721719,115.600020
"UBR-CA",20260703,233700.000000,64.916667,111.156755,113.779753,117.015964
"UBR-CA",20260703,234000.000000,65.000000,112.852085,116.305404,119.583804
"UBR-CA",20260703,234300.000000,65.083333,110.416948,116.592074,120.018578
"UBR-CA",20260703,234600.000000,65.166667,108.830933,117.038524,121.169784
"UBR-CA",20260703,234900.000000,65.250000,110.272043,117.276381,121.924531
"UBR-CA",20260703,235200.000000,65.333333,110.647500,117.700733,121.013533
"UBR-CA",20260703,235500.000000,65.416667,113.314561,119.524273,122.178805
"UBR-CA",20260703,235800.000000,65.500000,117.314561,121.898874,126.178805
"UBR-CA",20260703,236100.000000,65.583333,119.234970,121.929476,126.230119
"UBR-CA",20260703,236400.000000,65.666667,122.058046,123.003035,125.141096
"UBR-CA",20260703,236700.000000,65.750000,122.983451,125.407835,127.144594
"UBR-CA",20260703,237000.000000,65.833333,124.333657,127.104778,129.674953
"UBR-CA",20260703,237300.000000,65.916667,125.983723,129.356753,133.157533
"UBR-CA",20260703,237600.000000,66.000000,127.488430,130.729756,133.532887
"UBR-CA",20260703,237900.000000,66.083333,126.120102,131.957012,137.532887
"UBR-CA",20260703,238200.000000,66.166667,126.405337,133.373598,139.445061
"UBR-CA",20260703,238500.000000,66.250000,129.037214,134.578924,140.435457
"UBR-CA",20260703,238800.000000,66.333333,130.623567,135.521104,140.290096
"UBR-CA",20260703,239100.000000,66.416667,130.458725,136.360126,143.497802
"UBR-CA",20260703,239400.000000,66.500000,133.457994,138.769468,147.497802
"UBR-CA",20260703,239700.000000,66.583333,137.457994,140.510468,148.810063
"UBR-CA",20260703,240000.000000,66.666667,137.207989,142.316233,150.195372
"UBR-CA",20260703,240300.000000,66.750000,135.427627,144.194871,153.357243
"UBR-CA",20260703,240600.000000,66.833333,134.676051,146.703565,157.357243
"UBR-CA",20260703,240900.000000,66.916667,133.739064,149.176574,161.357243
"UBR-CA",20260703,241200.000000,67.000000,133.164682,150.974018,164.011967
"UBR-CA",20260703,241500.000000,67.083333,130.258200,152.412031,168.011967
"UBR-CA",20260703,241800.000000,67.166667,132.559708,154.209705,170.476727
"UBR-CA",20260703,242100.000000,67.250000,136.198069,156.790993,173.131594
"UBR-CA",20260703,242400.000000,67.333333,139.793800,158.391507,173.752805
"UBR-CA",20260703,242700.000000,67.416667,143.793800,158.924010,168.976370
"UBR-CA",20260703,243000.000000,67.500000,146.792567,160.200055,169.217364
"UBR-CA",20260703,243300.000000,67.583333,148.700529,162.434048,169.552327
"UBR-CA",20260703,243600.000000,67.666667,150.298275,164.631579,173.552327
"UBR-CA",20260703,243900.000000,67.750000,151.643772,164.773432,172.365532
"UBR-CA",20260703,244200.000000,67.833333,148.679228,164.027389,171.739279
"UBR-CA",20260703,244500.000000,67.916667,150.121835,165.482439,175.739279
"UBR-CA",20260703,244800.000000,68.000000,150.741557,166.851738,178.209050
"UBR-CA",20260703,245100.000000,68.083333,151.885474,167.486081,177.786973
"UBR-CA",20260703,245400.000000,68.166667,150.594183,168.082858,177.146348
"UBR-CA",20260703,245700.000000,68.250000,152.702392,168.208441,175.988250
"UBR-CA",20260703,246000.000000,68.333333,155.735270,169.182629,176.817240
"UBR-CA",20260703,246300.000000,68.416667,157.502468,170.667693,177.241626
"UBR-CA",20260703,246600.000000,68.500000,160.672418,172.300795,177.805755
"UBR-CA",20260703,246900.000000,68.583333,161.572969,172.284646,177.351129
"UBR-CA",20260703,247200.000000,68.666667,164.561376,173.913987,179.540074
"UBR-CA",20260703,247500.000000,68.750000,168.561376,175.378293,182.282075
"UBR-CA",20260703,247800.000000,68.833333,170.601424,175.732289,182.823088
"UBR-CA",20260703,248100.000000,68.916667,170.096531,176.208434,183.927558
"UBR-CA",20260703,248400.000000,69.000000,169.865164,177.265763,186.932521
"UBR-CA",20260703,248700.000000,69.083333,170.987665,178.081004,186.350421
"UBR-CA",20260703,249000.000000,69.166667,170.656211,178.205799,185.427190
"UBR-CA",20260703,249300.000000,69.250000,167.377626,177.272865,187.168617
"UBR-CA",20260703,249600.000000,69.333333,164.076586,178.068796,191.168617
"UBR-CA",20260703,249900.000000,69.416667,162.878909,178.736919,192.894060
"UBR-CA",20260703,250200.000000,69.500000,166.690159,179.415770,192.000894
"UBR-CA",20260703,250500.000000,69.583333,167.675501,178.692725,188.866068
"UBR-CA",20260703,250800.000000,69.666667,168.714807,178.385867,190.248930
"UBR-CA",20260703,251100.000000,69.750000,168.158786,179.218801,192.459930
"UBR-CA",20260703,251400.000000,69.833333,168.253137,179.576864,191.228252
"UBR-CA",20260703,251700.000000,69.916667,170.315678,178.986695,188.061860
"UBR-CA",20260703,252000.000000,70.000000,171.096433,178.096836,187.640569
"UBR-CA",20260703,252300.000000,70.083333,173.145269,180.313935,190.438467
"UBR-CA",20260703,252600.000000,70.166667,176.201168,183.489783,192.085959
"UBR-CA",20260703,252900.000000,70.250000,176.884115,185.463700,191.422664
"UBR-CA",20260703,253200.000000,70.333333,180.884115,187.870321,195.170678
"UBR-CA",20260703,253500.000000,70.416667,182.173674,190.285481,199.170678
"UBR-CA",20260703,253800.000000,70.500000,182.884835,192.408416,203.170678
"UBR-CA",20260703,254100.000000,70.583333,185.558562,195.033195,206.475752
"UBR-CA",20260703,254400.000000,70.666667,188.414835,197.272953,210.475752
"UBR-CA",20260703,254700.000000,70.750000,190.322606,198.605612,211.706274
"UBR-CA",20260703,255000.000000,70.833333,189.121789,197.166615,211.188823
"UBR-CA",20260703,255300.000000,70.916667,186.912915,195.646153,210.788178
"UBR-CA",20260703,255600.000000,71.000000,184.494034,190.886470,202.660776
"UBR-CA",20260703,255900.000000,71.083333,184.570228,188.038158,193.701329
"UBR-CA",20260703,256200.000000,71.166667,182.966606,184.635152,186.249358
"UBR-CA",20260703,256500.000000,71.250000,177.548534,181.283995,187.839738
"UBR-CA",20260703,256800.000000,71.333333,173.429080,177.624769,185.120225
"UBR-CA",20260703,257100.000000,71.416667,169.701496,174.606440,183.437656
"UBR-CA",20260703,257400.000000,71.500000,163.292671,171.725734,180.826439
"UBR-CA",20260703,257700.000000,71.583333,161.831927,169.445953,178.032938
"UBR-CA",20260703,258000.000000,71.666667,162.732911,167.212330,174.868313
"UBR-CA",20260703,258300.000000,71.750000,159.528713,163.353175,168.639548
"UBR-CA",20260703,258600.000000,71.833333,153.787207,159.263970,164.706587
"UBR-CA",20260703,258900.000000,71.916667,150.032784,155.492572,158.470770
"UBR-CA",20260703,259200.000000,72.000000,148.690321,153.062726,156.544288
"UBR-CA",20260703,259500.000000,72.083333,144.526772,148.462989,154.356992
"UBR-CA",20260703,259800.000000,72.166667,137.607160,142.679322,149.905751
"UBR-CA",20260703,260100.000000,72.250000,135.034682,139.855731,145.177166
"UBR-CA",20260703,260400.000000,72.333333,137.863990,138.961754,139.986590
"UBR-CA",20260703,260700.000000,72.416667,130.287665,137.184127,143.034682
"UBR-CA",20260703,261000.000000,72.500000,124.075375,134.124737,146.434427
"UBR-CA",20260703,261300.000000,72.583333,123.860076,132.719760,142.611449
"UBR-CA",20260703,261600.000000,72.666667,125.458389,130.138621,132.541712
"UBR-CA",20260703,261900.000000,72.750000,121.986426,125.660029,128.584723
"UBR-CA",20260703,262200.000000,72.833333,117.993174,122.777287,126.240101
"UBR-CA",20260703,262500.000000,72.916667,114.747584,120.048197,126.155222
"UBR-CA",20260703,262800.000000,73.000000,109.141364,115.521905,126.932209
"UBR-CA",20260703,263100.000000,73.083333,107.311538,114.281514,124.377236
"UBR-CA",20260703,263400.000000,73.166667,103.427694,111.182085,120.961673
"UBR-CA",20260703,263700.000000,73.250000,96.876891,106.012631,116.964222
"UBR-CA",20260703,264000.000000,73.333333,94.117001,103.875671,113.424058
"UBR-CA",20260703,264300.000000,73.416667,93.192575,103.191733,111.886916
"UBR-CA",20260703,264600.000000,73.500000,91.463585,100.802553,109.436372
"UBR-CA",20260703,264900.000000,73.583333,94.074366,99.330606,107.144583
"UBR-CA",20260703,265200.000000,73.666667,91.947960,96.176142,104.452016
"UBR-CA",20260703,265500.000000,73.750000,89.264690,94.601290,103.005253
"UBR-CA",20260703,265800.000000,73.833333,87.233936,90.766934,96.419081
"UBR-CA",20260703,266100.000000,73.916667,85.185620,87.819885,90.266604
"UBR-CA",20260703,266400.000000,74.000000,81.267073,85.928423,88.557323
"UBR-CA",20260703,266700.000000,74.083333,76.243968,82.988283,88.099213
"UBR-CA",20260703,267000.000000,74.166667,75.734645,79.525880,82.921646
"UBR-CA",20260703,267300.000000,74.250000,72.007063,73.611583,75.357980
"UBR-CA",20260703,267600.000000,74.333333,65.665520,68.509984,72.590395
"UBR-CA",20260703,267900.000000,74.416667,61.429725,65.119228,69.611281
"UBR-CA",20260703,268200.000000,74.500000,62.235071,63.567688,64.898127
"UBR-CA",20260703,268500.000000,74.583333,57.339315,59.955733,62.860688
"UBR-CA",20260703,268800.000000,74.666667,52.131451,55.603929,57.840612
"UBR-CA",20260703,269100.000000,74.750000,48.340325,53.595301,57.552880
"UBR-CA",20260703,269400.000000,74.833333,49.910050,51.312141,52.575554
"UBR-CA",20260703,269700.000000,74.916667,42.823363,47.651390,50.961645
"UBR-CA",20260703,270000.000000,75.000000,40.314194,45.164261,49.347751
"UBR-CA",20260703,270300.000000,75.083333,38.948981,42.736118,48.735139
"UBR-CA",20260703,270600.000000,75.166667,35.488343,40.885755,46.565515
"UBR-CA",20260703,270900.000000,75.250000,35.128339,39.301042,43.349034
"UBR-CA",20260703,271200.000000,75.333333,27.396322,34.857419,42.416801
"UBR-CA",20260703,271500.000000,75.416667,15.222392,30.215211,41.432427
"UBR-CA",20260703,271800.000000,75.500000,13.577163,26.242525,37.989762
"UBR-CA",20260703,272100.000000,75.583333,17.577163,24.247818,31.037907
"UBR-CA",20260703,272400.000000,75.666667,17.958777,23.023567,25.978471
"UBR-CA",20260703,272700.000000,75.750000,17.304759,18.190796,19.131075
"UBR-CA",20260703,273000.000000,75.833333,11.623379,24.686599,52.000000
"UBR-CA",20260703,273300.000000,75.916667,15.623379,25.317475,48.264170
"UBR-CA",20260703,273600.000000,76.000000,16.694760,25.300170,42.034653
"UBR-CA",20260703,273900.000000,76.083333,20.694760,26.604988,38.233384
"UBR-CA",20260703,274200.000000,76.166667,23.853317,27.943368,37.142927
"UBR-CA",20260703,274500.000000,76.250000,25.836017,28.425883,32.419763
"UBR-CA",20260703,274800.000000,76.333333,24.471076,28.419992,31.853317
"UBR-CA",20260703,275100.000000,76.416667,23.226776,29.211640,33.780878
"UBR-CA",20260703,275400.000000,76.500000,22.002072,28.927680,33.458397
"UBR-CA",20260703,275700.000000,76.583333,22.229818,29.946392,35.276333
"UBR-CA",20260703,276000.000000,76.666667,26.229818,31.787579,35.898703
"UBR-CA",20260703,276300.000000,76.750000,28.060248,33.587347,39.313049
"UBR-CA",20260703,276600.000000,76.833333,28.595466,33.128602,41.040418
"UBR-CA",20260703,276900.000000,76.916667,29.493992,33.739482,43.056090
"UBR-CA",20260703,277200.000000,77.000000,31.875692,35.502365,42.383101
"UBR-CA",20260703,277500.000000,77.083333,34.296634,36.764871,40.719335
"UBR-CA",20260703,277800.000000,77.166667,35.129057,37.572458,39.623947
"UBR-CA",20260703,278100.000000,77.250000,37.314264,39.711241,42.771841
"UBR-CA",20260703,278400.000000,77.333333,38.096751,41.378873,44.532087
"UBR-CA",20260703,278700.000000,77.416667,38.706594,43.014411,46.721599
"UBR-CA",20260703,279000.000000,77.500000,40.927088,44.990090,50.721599
"UBR-CA",20260703,279300.000000,77.583333,40.395384,45.413629,51.330952
"UBR-CA",20260703,279600.000000,77.666667,39.376614,45.843988,53.066928
"UBR-CA",20260703,279900.000000,77.750000,40.783976,48.291446,54.437006
"UBR-CA",20260703,280200.000000,77.833333,44.271192,50.556782,58.437006
"UBR-CA",20260703,280500.000000,77.916667,48.074400,53.043154,61.263239
"UBR-CA",20260703,280800.000000,78.000000,48.214296,52.995387,57.012925
"UBR-CA",20260703,281100.000000,78.083333,51.276393,54.247448,57.459040
"UBR-CA",20260703,281400.000000,78.166667,50.938164,54.463993,56.627548
"UBR-CA",20260703,281700.000000,78.250000,50.898767,55.132571,58.678205
"UBR-CA",20260703,282000.000000,78.333333,49.793172,56.185835,62.678205
"UBR-CA",20260703,282300.000000,78.416667,53.243813,58.262607,66.028056
"UBR-CA",20260703,282600.000000,78.500000,52.077627,59.240912,65.992851
"UBR-CA",20260703,282900.000000,78.583333,49.744685,59.631794,67.423673
"UBR-CA",20260703,283200.000000,78.666667,51.212193,60.710807,69.631227
"UBR-CA",20260703,283500.000000,78.750000,55.189253,61.980331,70.744355
"UBR-CA",20260703,283800.000000,78.833333,57.895832,63.595184,72.264301
"UBR-CA",20260703,284100.000000,78.916667,56.679205,62.172764,68.193825
"UBR-CA",20260703,284400.000000,79.000000,51.975974,58.047679,66.016507
"UBR-CA",20260703,284700.000000,79.083333,48.890132,53.639209,61.258929
"UBR-CA",20260703,285000.000000,79.166667,44.851153,49.758687,58.568851
"UBR-CA",20260703,285300.000000,79.250000,43.448724,45.802998,50.141616
"UBR-CA",20260703,285600.000000,79.333333,41.539375,41.780769,42.140564
"UBR-CA",20260703,285900.000000,79.416667,39.515233,40.654317,42.125592
"UBR-CA",20260703,286200.000000,79.500000,35.365969,37.657352,40.018257
"UBR-CA",20260703,286500.000000,79.583333,32.523777,36.052627,38.362545
"UBR-CA",20260703,286800.000000,79.666667,30.271501,35.232050,40.563883
"UBR-CA",20260703,287100.000000,79.750000,29.932525,34.492322,39.907653
"UBR-CA",20260703,287400.000000,79.833333,26.921127,31.889565,36.382920
"UBR-CA",20260703,287700.000000,79.916667,30.090375,31.837374,33.477386
"UBR-CA",20260703,288000.000000,80.000000,30.376130,33.219118,35.190850
"UBR-CA",20260703,288300.000000,80.083333,25.229886,31.322231,35.543321
"UBR-CA",20260703,288600.000000,80.166667,25.699065,29.974147,36.833646
"UBR-CA",20260703,288900.000000,80.250000,22.233848,28.217749,34.444773
"UBR-CA",20260703,289200.000000,80.333333,25.540428,26.876535,29.267384
"UBR-CA",20260703,289500.000000,80.416667,22.721938,25.039987,26.280142
"UBR-CA",20260703,289800.000000,80.500000,16.039080,23.248126,26.877737
"UBR-CA",20260703,290100.000000,80.583333,13.231657,21.280603,28.566854
"UBR-CA",20260703,290400.000000,80.666667,12.283132,19.163671,24.330757
"UBR-CA",20260703,290700.000000,80.750000,15.266714,16.669856,18.459723
"UBR-CA",20260703,291000.000000,80.833333,13.792266,24.627352,52.000000
"UBR-CA",20260703,291300.000000,80.916667,11.450377,24.489148,56.000000
"UBR-CA",20260703,291600.000000,81.000000,10.288115,24.678197,52.860898
"UBR-CA",20260703,291900.000000,81.083333,14.288115,23.801469,39.460716
"UBR-CA",20260703,292200.000000,81.166667,14.734018,22.511143,30.380882
"UBR-CA",20260703,292500.000000,81.250000,15.070537,22.098384,26.722963
"UBR-CA",20260703,292800.000000,81.333333,19.070537,23.219289,27.185189
"UBR-CA",20260703,293100.000000,81.416667,19.074522,23.316101,27.013109
"UBR-CA",20260703,293400.000000,81.500000,17.221788,22.456449,27.770595
"UBR-CA",20260703,293700.000000,81.583333,21.002079,23.750539,26.544046
"UBR-CA",20260703,294000.000000,81.666667,22.518312,25.991609,28.568260
"UBR-CA",20260703,294300.000000,81.750000,24.378399,27.836421,30.088309
"UBR-CA",20260703,294600.000000,81.833333,26.415540,30.607565,32.303629
"UBR-CA",20260703,294900.000000,81.916667,29.534775,32.716189,34.681582
"UBR-CA",20260703,295200.000000,82.000000,31.803201,32.884090,34.299083
"UBR-CA",20260703,295500.000000,82.083333,30.032709,32.021811,34.444439
"UBR-CA",20260703,295800.000000,82.166667,28.605076,31.964055,35.941550
"UBR-CA",20260703,296100.000000,82.250000,31.230550,32.665681,35.170714
"UBR-CA",20260703,296400.000000,82.333333,30.132518,34.003383,36.583521
"UBR-CA",20260703,296700.000000,82.416667,32.456956,36.654486,38.066943
"UBR-CA",20260703,297000.000000,82.500000,33.771323,37.848711,40.162353
"UBR-CA",20260703,297300.000000,82.583333,32.004666,38.204167,43.076063
"UBR-CA",20260703,297600.000000,82.666667,34.707547,40.455192,44.304875
"UBR-CA",20260703,297900.000000,82.750000,34.598724,42.705110,48.001094
"UBR-CA",20260703,298200.000000,82.833333,35.469403,44.350981,52.001094
"UBR-CA",20260703,298500.000000,82.916667,38.063837,45.346011,52.464484
"UBR-CA",20260703,298800.000000,83.000000,38.328842,45.377497,53.207612
"UBR-CA",20260703,299100.000000,83.083333,38.781651,46.057864,54.718286
"UBR-CA",20260703,299400.000000,83.166667,38.973491,46.777285,57.747566
"UBR-CA",20260703,299700.000000,83.250000,40.492404,47.529371,58.686083
"UBR-CA",20260703,300000.000000,83.333333,39.372282,47.853963,58.908564
"UBR-CA",20260703,300300.000000,83.416667,39.809015,48.301324,55.247609
"UBR-CA",20260703,300600.000000,83.500000,43.809015,49.332007,51.651576
"UBR-CA",20260703,300900.000000,83.583333,47.455634,50.466254,53.567521
"UBR-CA",20260703,301200.000000,83.666667,47.772164,50.502602,55.538248
"UBR-CA",20260703,301500.000000,83.750000,46.961328,49.355538,54.488633
"UBR-CA",20260703,301800.000000,83.833333,43.692297,48.299037,55.491604
"UBR-CA",20260703,302100.000000,83.916667,40.694485,48.543190,56.865225
"UBR-CA",20260703,302400.000000,84.000000,38.432850,49.231005,58.087755
"UBR-CA",20260703,302700.000000,84.083333,39.941435,48.853585,56.485783
"UBR-CA",20260703,303000.000000,84.166667,41.879874,48.981234,53.701299
"UBR-CA",20260703,303300.000000,84.250000,42.724976,49.638797,53.367892
"UBR-CA",20260703,303600.000000,84.333333,45.157789,50.846975,53.731058
"UBR-CA",20260703,303900.000000,84.416667,48.737982,53.788166,57.362688
"UBR-CA",20260703,304200.000000,84.500000,51.633979,55.032837,59.114397
"UBR-CA",20260703,304500.000000,84.583333,50.940918,55.981762,63.114397
"UBR-CA",20260703,304800.000000,84.666667,49.743426,56.412078,62.818008
"UBR-CA",20260703,305100.000000,84.750000,47.690802,56.418148,62.604496
"UBR-CA",20260703,305400.000000,84.833333,50.439512,57.455591,65.346297
"UBR-CA",20260703,305700.000000,84.916667,54.439512,58.173306,65.792024
"UBR-CA",20260703,306000.000000,85.000000,55.883984,58.460183,60.555922
"UBR-CA",20260703,306300.000000,85.083333,55.792194,59.061759,61.899359
"UBR-CA",20260703,306600.000000,85.166667,51.152329,59.304212,65.642975
"UBR-CA",20260703,306900.000000,85.250000,48.446964,59.054028,67.656973
"UBR-CA",20260703,307200.000000,85.333333,50.218790,59.901535,67.506601
"UBR-CA",20260703,307500.000000,85.416667,54.178476,61.223549,69.602654
"UBR-CA",20260703,307800.000000,85.500000,49.206764,61.294838,73.602654
"UBR-CA",20260703,308100.000000,85.583333,51.671325,61.930499,73.842504
"UBR-CA",20260703,308400.000000,85.666667,55.477819,63.373770,75.154789
"UBR-CA",20260703,308700.000000,85.750000,57.134129,63.898507,73.484978
"UBR-CA",20260703,309000.000000,85.833333,58.019190,63.217865,69.242123
"UBR-CA",20260703,309300.000000,85.916667,59.594565,64.039896,65.761539
"UBR-CA",20260703,309600.000000,86.000000,63.388655,66.478429,69.061533
"UBR-CA",20260703,309900.000000,86.083333,66.979115,69.369215,73.061533
"UBR-CA",20260703,310200.000000,86.166667,68.716941,71.840429,77.061533
"UBR-CA",20260703,310500.000000,86.250000,71.347799,74.577081,81.061533
"UBR-CA",20260703,310800.000000,86.333333,73.526150,75.954228,80.310618
"UBR-CA",20260703,311100.000000,86.416667,70.284340,76.699410,83.572382
"UBR-CA",20260703,311400.000000,86.500000,74.284340,78.173264,82.903711
"UBR-CA",20260703,311700.000000,86.583333,72.931018,78.694266,82.183639
"UBR-CA",20260703,312000.000000,86.666667,70.952133,78.894100,82.284340
"UBR-CA",20260703,312300.000000,86.750000,71.106545,78.834489,83.523238
"UBR-CA",20260703,312600.000000,86.833333,72.816739,79.508039,84.637195
"UBR-CA",20260703,312900.000000,86.916667,73.339407,79.976253,86.413764
"UBR-CA",20260703,313200.000000,87.000000,77.339407,80.407934,85.718597
"UBR-CA",20260703,313500.000000,87.083333,78.806176,81.685599,84.993824
"UBR-CA",20260703,313800.000000,87.166667,77.397712,82.504633,87.774158
"UBR-CA",20260703,314100.000000,87.250000,79.544270,84.557575,89.045831
"UBR-CA",20260703,314400.000000,87.333333,83.398428,85.656339,89.870079
"UBR-CA",20260703,314700.000000,87.416667,81.745143,87.334190,92.702750
"UBR-CA",20260703,315000.000000,87.500000,82.434252,88.331227,91.962853
"UBR-CA",20260703,315300.000000,87.583333,82.651948,89.301437,94.902940
"UBR-CA",20260703,315600.000000,87.666667,82.605939,90.159457,95.569179
"UBR-CA",20260703,315900.000000,87.750000,84.657709,89.677887,95.921745
"UBR-CA",20260703,316200.000000,87.833333,86.326297,90.328498,95.979264
"UBR-CA",20260703,316500.000000,87.916667,82.913102,87.470547,92.067167
"UBR-CA",20260703,316800.000000,88.000000,77.366665,83.706141,88.629393
"UBR-CA",20260703,317100.000000,88.083333,72.683742,79.121283,83.747154
"UBR-CA",20260703,317400.000000,88.166667,72.625537,77.633313,80.564106
"UBR-CA",20260703,317700.000000,88.250000,71.856977,74.559396,77.179755
"UBR-CA",20260703,318000.000000,88.333333,66.612197,69.645496,74.787683
"UBR-CA",20260703,318300.000000,88.416667,58.027269,63.099146,71.075904
"UBR-CA",20260703,318600.000000,88.500000,53.874695,57.039683,62.869915
"UBR-CA",20260703,318900.000000,88.583333,49.896895,52.875983,56.904190
"UBR-CA",20260703,319200.000000,88.666667,43.655055,47.127946,49.185883
"UBR-CA",20260703,319500.000000,88.750000,41.063375,44.157788,46.905440
"UBR-CA",20260703,319800.000000,88.833333,34.857633,40.405371,44.821521
"UBR-CA",20260703,320100.000000,88.916667,31.414929,35.931665,40.019182
"UBR-CA",20260703,320400.000000,89.000000,27.986817,32.958081,35.979668
"UBR-CA",20260703,320700.000000,89.083333,25.701929,29.573216,34.148231
"UBR-CA",20260703,321000.000000,89.166667,19.592096,26.468643,33.796026
"UBR-CA",20260703,321300.000000,89.250000,16.700817,23.307171,28.009604
"UBR-CA",20260703,321600.000000,89.333333,18.829554,19.859822,21.770771
"UBR-CA",20260703,321900.000000,89.416667,16.434860,18.068547,19.980960
"UBR-CA",20260703,322200.000000,89.500000,14.796743,17.439716,18.982137
"UBR-CA",20260703,322500.000000,89.583333,16.267985,26.908591,52.000000
"UBR-CA",20260703,322800.000000,89.666667,14.634938,28.366597,53.925793
"UBR-CA",20260703,323100.000000,89.750000,18.351488,29.773151,51.467444
"UBR-CA",20260703,323400.000000,89.833333,22.351488,31.513210,49.376304
"UBR-CA",20260703,323700.000000,89.916667,26.122386,33.812588,50.280292
"UBR-CA",20260703,324000.000000,90.000000,26.648460,34.587447,49.515067
"UBR-CA",20260703,324300.000000,90.083333,27.584317,35.070834,46.374704
"UBR-CA",20260703,324600.000000,90.166667,30.186462,35.903596,46.342110
"UBR-CA",20260703,324900.000000,90.250000,26.791016,34.953956,44.296068
"UBR-CA",20260703,325200.000000,90.333333,25.567932,34.700592,41.574806
"UBR-CA",20260703,325500.000000,90.416667,27.763294,35.766150,40.476221
"UBR-CA",20260703,325800.000000,90.500000,31.513860,37.503691,40.403577
"UBR-CA",20260703,326100.000000,90.583333,33.047793,39.144275,43.601825
"UBR-CA",20260703,326400.000000,90.666667,34.938796,41.563532,44.228588
"UBR-CA",20260703,326700.000000,90.750000,37.520478,43.586243,47.340478
"UBR-CA",20260703,327000.000000,90.833333,41.520478,44.812919,48.617506
"UBR-CA",20260703,327300.000000,90.916667,44.641421,47.210087,49.955376
"UBR-CA",20260703,327600.000000,91.000000,48.615190,49.257238,50.578607
"UBR-CA",20260703,327900.000000,91.083333,46.385520,49.696317,51.328925
"UBR-CA",20260703,328200.000000,91.166667,42.858838,50.283281,54.848198
"UBR-CA",20260703,328500.000000,91.250000,43.937519,52.352196,56.523921
"UBR-CA",20260703,328800.000000,91.333333,47.050365,53.491429,55.962079
"UBR-CA",20260703,329100.000000,91.416667,50.818354,54.079794,56.067174
"UBR-CA",20260703,329400.000000,91.500000,54.818354,56.662143,58.361884
"UBR-CA",20260703,329700.000000,91.583333,58.818354,59.864991,61.065015
"UBR-CA",20260703,330000.000000,91.666667,62.438099,62.805118,63.118851
"UBR-CA",20260703,330300.000000,91.750000,61.759044,64.680135,67.118851
"UBR-CA",20260703,330600.000000,91.833333,61.372755,66.289571,69.027993
"UBR-CA",20260703,330900.000000,91.916667,64.400586,68.387044,72.566228
"UBR-CA",20260703,331200.000000,92.000000,64.912181,70.639471,76.347668
"UBR-CA",20260703,331500.000000,92.083333,68.912181,72.215286,78.290051
"UBR-CA",20260703,331800.000000,92.166667,71.503366,74.113106,76.079072
"UBR-CA",20260703,332100.000000,92.250000,72.277821,75.225349,77.881770
"UBR-CA",20260703,332400.000000,92.333333,69.839310,75.205682,79.849201
"UBR-CA",20260703,332700.000000,92.416667,73.157791,76.164678,83.849201
"UBR-CA",20260703,333000.000000,92.500000,70.240896,76.096575,84.974046
"UBR-CA",20260703,333300.000000,92.583333,70.835170,77.306709,83.658908
"UBR-CA",20260703,333600.000000,92.666667,74.835170,77.973070,81.662493
"UBR-CA",20260703,333900.000000,92.750000,74.461361,79.041128,84.428377
"UBR-CA",20260703,334200.000000,92.833333,78.100914,80.967615,82.435884
"UBR-CA",20260703,334500.000000,92.916667,79.912166,82.299196,85.607750
"UBR-CA",20260703,334800.000000,93.000000,81.454069,84.082711,87.328559
"UBR-CA",20260703,335100.000000,93.083333,82.844505,86.215335,89.702261
"UBR-CA",20260703,335400.000000,93.166667,85.237782,88.921478,92.702135
"UBR-CA",20260703,335700.000000,93.250000,85.758944,90.395814,96.292161
"UBR-CA",20260703,336000.000000,93.333333,89.758944,92.193141,96.834372
"UBR-CA",20260703,336300.000000,93.416667,93.117188,94.784500,97.218992
"UBR-CA",20260703,336600.000000,93.500000,94.243298,96.678716,99.042875
"UBR-CA",20260703,336900.000000,93.583333,95.577152,98.172193,103.042875
"UBR-CA",20260703,337200.000000,93.666667,94.253838,99.226305,106.795222
"UBR-CA",20260703,337500.000000,93.750000,95.453563,98.934024,105.129921
"UBR-CA",20260703,337800.000000,93.833333,92.943195,98.810577,101.993353
"UBR-CA",20260703,338100.000000,93.916667,95.472287,100.704723,103.052095
"UBR-CA",20260703,338400.000000,94.000000,99.472287,102.641216,105.129234
"UBR-CA",20260703,338700.000000,94.083333,98.931793,102.765831,108.866580
"UBR-CA",20260703,339000.000000,94.166667,100.751019,102.923316,107.226084
"UBR-CA",20260703,339300.000000,94.250000,102.613983,104.231558,107.186831
"UBR-CA",20260703,339600.000000,94.333333,103.313173,106.186571,108.708700
"UBR-CA",20260703,339900.000000,94.416667,101.922182,107.630131,110.816611
"UBR-CA",20260703,340200.000000,94.500000,101.022041,109.665286,114.816611
"UBR-CA",20260703,340500.000000,94.583333,102.425436,109.789793,114.979830
"UBR-CA",20260703,340800.000000,94.666667,104.344107,109.957816,115.028729
"UBR-CA",20260703,341100.000000,94.750000,105.343648,110.880110,114.455905
"UBR-CA",20260703,341400.000000,94.833333,106.739335,112.976245,116.437853
"UBR-CA",20260703,341700.000000,94.916667,109.972818,114.117122,116.595391
"UBR-CA",20260703,342000.000000,95.000000,110.361964,114.845926,119.249348
"UBR-CA",20260703,342300.000000,95.083333,112.426334,115.337331,120.607638
"UBR-CA",20260703,342600.000000,95.166667,110.290796,115.611199,119.755926
"UBR-CA",20260703,342900.000000,95.250000,108.589348,115.347094,120.064154
"UBR-CA",20260703,343200.000000,95.333333,110.919861,116.158449,124.064154
"UBR-CA",20260703,343500.000000,95.416667,114.470411,119.046517,124.580486
"UBR-CA",20260703,343800.000000,95.500000,117.094765,121.394896,125.427723
"UBR-CA",20260703,344100.000000,95.583333,121.094765,123.204895,124.446247
"UBR-CA",20260703,344400.000000,95.666667,120.782164,123.508807,126.061417
"UBR-CA",20260703,344700.000000,95.750000,117.449648,122.788814,127.313649
"UBR-CA",20260703,345000.000000,95.833333,113.488005,122.043608,129.458750
"UBR-CA",20260703,345300.000000,95.916667,113.486111,121.943374,129.364747
"UBR-CA",20260703,345600.000000,96.000000,114.643179,122.296630,129.096188
"UBR-CA",20260703,345900.000000,96.083333,118.072333,123.896937,130.727841
"UBR-CA",20260703,346200.000000,96.166667,120.557842,126.963144,133.323225
"UBR-CA",20260703,346500.000000,96.250000,122.716485,127.951751,135.331911
"UBR-CA",20260703,346800.000000,96.333333,121.402171,128.384201,136.920666
"UBR-CA",20260703,347100.000000,96.416667,119.990901,129.882724,137.949775
"UBR-CA",20260703,347400.000000,96.500000,120.533123,131.919841,138.770263
"UBR-CA",20260703,347700.000000,96.583333,120.807866,133.473142,141.129199
"UBR-CA",20260703,348000.000000,96.666667,122.391068,135.591851,144.343533
"UBR-CA",20260703,348300.000000,96.750000,123.677075,137.549666,147.876782
"UBR-CA",20260703,348600.000000,96.833333,124.366147,138.096577,151.242960
"UBR-CA",20260703,348900.000000,96.916667,125.750930,138.758298,153.721986
"UBR-CA",20260703,349200.000000,97.000000,129.750930,139.856574,155.944781
"UBR-CA",20260703,349500.000000,97.083333,133.750930,141.697703,154.619710
"UBR-CA",20260703,349800.000000,97.166667,133.701555,142.421091,154.976936
"UBR-CA",20260703,350100.000000,97.250000,131.342622,143.253701,158.976936
"UBR-CA",20260703,350400.000000,97.333333,130.760077,143.921386,158.653948
"UBR-CA",20260703,350700.000000,97.416667,133.620064,145.673980,158.522257
"UBR-CA",20260703,351000.000000,97.500000,137.620064,148.089970,156.656589
"UBR-CA",20260703,351300.000000,97.583333,140.631667,149.778228,159.612788
"UBR-CA",20260703,351600.000000,97.666667,139.419353,149.997982,161.945633
"UBR-CA",20260703,351900.000000,97.750000,140.884960,151.398821,164.297300
"UBR-CA",20260703,352200.000000,97.833333,140.127537,151.267124,164.556027
"UBR-CA",20260703,352500.000000,97.916667,138.959667,151.252590,163.302389
"UBR-CA",20260703,352800.000000,98.000000,142.959667,152.712264,164.387645
"UBR-CA",20260703,353100.000000,98.083333,146.959667,154.228653,163.385035
"UBR-CA",20260703,353400.000000,98.166667,147.060298,154.901874,161.976058
"UBR-CA",20260703,353700.000000,98.250000,148.126016,155.313929,163.552686
"UBR-CA",20260703,354000.000000,98.333333,147.436701,156.621842,166.051151
"UBR-CA",20260703,354300.000000,98.416667,147.740990,158.904993,167.224076
"UBR-CA",20260703,354600.000000,98.500000,149.306954,161.111367,169.178604
"UBR-CA",20260703,354900.000000,98.583333,151.147712,164.423574,173.178604
"UBR-CA",20260703,355200.000000,98.666667,151.136808,166.778047,175.555385
"UBR-CA",20260703,355500.000000,98.750000,149.732756,167.598058,176.047926
"UBR-CA",20260703,355800.000000,98.833333,150.518588,169.071296,179.214053
"UBR-CA",20260703,356100.000000,98.916667,153.146433,170.765087,183.004239
"UBR-CA",20260703,356400.000000,99.000000,157.146433,173.030218,184.327905
"UBR-CA",20260703,356700.000000,99.083333,160.376044,174.574655,184.408367
"UBR-CA",20260703,357000.000000,99.166667,164.376044,177.210948,186.655687
"UBR-CA",20260703,357300.000000,99.250000,168.376044,179.755121,189.663693
"UBR-CA",20260703,357600.000000,99.333333,169.110051,182.226579,192.131559
"UBR-CA",20260703,357900.000000,99.416667,170.276860,183.780457,193.126607
"UBR-CA",20260703,358200.000000,99.500000,166.515535,183.901945,195.417703
"UBR-CA",20260703,358500.000000,99.583333,168.498329,183.165826,195.190777
"UBR-CA",20260703,358800.000000,99.666667,172.498329,183.229492,195.332208
"UBR-CA",20260703,359100.000000,99.750000,175.325607,183.823719,193.103860
"UBR-CA",20260703,359400.000000,99.833333,178.324881,183.419904,188.024614
"UBR-CA",20260703,359700.000000,99.916667,178.131396,183.911526,189.553533
"UBR-CA",20260703,360000.000000,100.000000,178.449284,185.294039,190.635494
"UBR-CA",20260703,360300.000000,100.083333,177.170978,185.660036,190.746354
"UBR-CA",20260703,360600.000000,100.166667,177.190791,186.381299,194.746354
"UBR-CA",20260703,360900.000000,100.250000,180.544336,189.070847,197.957461
"UBR-CA",20260703,361200.000000,100.333333,182.552390,191.461521,200.753269
"UBR-CA",20260703,361500.000000,100.416667,181.959562,192.310563,202.571559
"UBR-CA",20260703,361800.000000,100.500000,183.714290,194.510525,205.670365
"UBR-CA",20260703,362100.000000,100.583333,185.857890,196.742377,209.670365
"UBR-CA",20260703,362400.000000,100.666667,189.403171,197.978885,208.521096
"UBR-CA",20260703,362700.000000,100.750000,192.469385,199.408786,206.981332
"UBR-CA",20260703,363000.000000,100.833333,194.623517,201.568601,210.359756
"UBR-CA",20260703,363300.000000,100.916667,195.420847,203.219729,212.505017
"UBR-CA",20260703,363600.000000,101.000000,196.483246,204.571585,213.699720
"UBR-CA",20260703,363900.000000,101.083333,197.591680,205.372472,216.095615
"UBR-CA",20260703,364200.000000,101.166667,199.587844,206.676490,217.809199
"UBR-CA",20260703,364500.000000,101.250000,201.608848,209.251609,220.955635
"UBR-CA",20260703,364800.000000,101.333333,204.811644,211.420971,224.494022
"UBR-CA",20260703,365100.000000,101.416667,206.607449,213.158969,226.620740
"UBR-CA",20260703,365400.000000,101.500000,206.770963,213.209099,229.238534
"UBR-CA",20260703,365700.000000,101.583333,205.889494,213.670156,230.304238
"UBR-CA",20260703,366000.000000,101.666667,206.735149,213.604312,227.046856
"UBR-CA",20260703,366300.000000,101.750000,206.663427,214.095933,226.836557
"UBR-CA",20260703,366600.000000,101.833333,205.743719,214.527274,227.501449
"UBR-CA",20260703,366900.000000,101.916667,207.468738,214.796449,225.746347
"UBR-CA",20260703,367200.000000,102.000000,206.570790,214.625820,224.004932
"UBR-CA",20260703,367500.000000,102.083333,208.951263,216.455931,226.505177
"UBR-CA",20260703,367800.000000,102.166667,210.970070,218.480682,228.905981
"UBR-CA",20260703,368100.000000,102.250000,212.663566,219.650598,231.745195
"UBR-CA",20260703,368400.000000,102.333333,213.224763,219.775369,233.232966
"UBR-CA",20260703,368700.000000,102.416667,213.646919,220.722931,233.973168
"UBR-CA",20260703,369000.000000,102.500000,213.545664,221.542375,235.794886
"UBR-CA",20260703,369300.000000,102.583333,212.706597,223.543384,237.510013
"UBR-CA",20260703,369600.000000,102.666667,213.981189,225.961937,241.510013
"UBR-CA",20260703,369900.000000,102.750000,216.675152,227.534477,242.646678
"UBR-CA",20260703,370200.000000,102.833333,216.857218,228.676997,242.664191
"UBR-CA",20260703,370500.000000,102.916667,219.497059,229.926344,242.113752
"UBR-CA",20260703,370800.000000,103.000000,220.429148,230.769021,244.202867
"UBR-CA",20260703,371100.000000,103.083333,222.955615,230.876394,245.201380
"UBR-CA",20260703,371400.000000,103.166667,225.379917,231.119879,243.908431
"UBR-CA",20260703,371700.000000,103.250000,225.669604,231.931708,242.354266
"UBR-CA",20260703,372000.000000,103.333333,227.274548,232.484478,241.309908
"UBR-CA",20260703,372300.000000,103.416667,227.320532,231.779613,238.473908
"UBR-CA",20260703,372600.000000,103.500000,226.096330,232.602835,240.857844
"UBR-CA",20260703,372900.000000,103.583333,226.778266,234.186717,244.204091
"UBR-CA",20260703,373200.000000,103.666667,226.682821,235.421216,246.800264
"UBR-CA",20260703,373500.000000,103.750000,226.985956,237.894996,250.800264
"UBR-CA",20260703,373800.000000,103.833333,228.921505,239.803171,254.800264
"UBR-CA",20260703,374100.000000,103.916667,228.711285,240.116939,255.116891
"UBR-CA",20260703,374400.000000,104.000000,228.046880,240.579292,258.481696
"UBR-CA",20260703,374700.000000,104.083333,227.042282,240.895316,257.461928
"UBR-CA",20260703,375000.000000,104.166667,226.765963,242.296450,255.342783
"UBR-CA",20260703,375300.000000,104.250000,227.534289,243.300489,253.424241
"UBR-CA",20260703,375600.000000,104.333333,229.335186,245.138452,252.527053
"UBR-CA",20260703,375900.000000,104.416667,232.027031,245.851400,254.361627
"UBR-CA",20260703,376200.000000,104.500000,234.318745,246.087096,257.173749
"UBR-CA",20260703,376500.000000,104.583333,236.825201,247.379824,257.367880
"UBR-CA",20260703,376800.000000,104.666667,240.166048,249.067796,258.788074
"UBR-CA",20260703,377100.000000,104.750000,241.214728,250.123399,259.303867
"UBR-CA",20260703,377400.000000,104.833333,241.314061,250.204346,260.466659
"UBR-CA",20260703,377700.000000,104.916667,243.841013,250.644493,261.702090
"UBR-CA",20260703,378000.000000,105.000000,246.767636,252.667474,261.721947
"UBR-CA",20260703,378300.000000,105.083333,247.857538,252.988428,257.418380
"UBR-CA",20260703,378600.000000,105.166667,249.981717,254.733881,258.714185
"UBR-CA",20260703,378900.000000,105.250000,249.192662,254.873862,260.665208
"UBR-CA",20260703,379200.000000,105.333333,250.104185,256.476005,263.039851
"UBR-CA",20260703,379500.000000,105.416667,249.948902,257.160493,263.462921
"UBR-CA",20260703,379800.000000,105.500000,249.567738,258.447503,265.650311
"UBR-CA",20260703,380100.000000,105.583333,251.997958,258.945870,268.801361
"UBR-CA",20260703,380400.000000,105.666667,252.920963,259.839815,272.438333
"UBR-CA",20260703,380700.000000,105.750000,252.160862,260.247169,275.425978
"UBR-CA",20260703,381000.000000,105.833333,249.800453,259.545772,274.853368
"UBR-CA",20260703,381300.000000,105.916667,247.828976,258.929502,274.564526
"UBR-CA",20260703,381600.000000,106.000000,250.458460,261.182707,278.210615
"UBR-CA",20260703,381900.000000,106.083333,252.236013,262.847360,279.943975
"UBR-CA",20260703,382200.000000,106.166667,255.381689,264.502167,277.839022
"UBR-CA",20260703,382500.000000,106.250000,259.381689,267.905865,279.946173
"UBR-CA",20260703,382800.000000,106.333333,262.675455,270.663901,283.946173
"UBR-CA",20260703,383100.000000,106.416667,263.636400,271.048624,285.428616
"UBR-CA",20260703,383400.000000,106.500000,265.693305,272.416257,287.363094
"UBR-CA",20260703,383700.000000,106.583333,263.666162,273.476784,288.000000
"UBR-CA",20260703,384000.000000,106.666667,260.162927,273.227857,288.000000
"UBR-CA",20260703,384300.000000,106.750000,262.009360,273.322027,288.000000
"UBR-CA",20260703,384600.000000,106.833333,264.930970,274.298883,288.000000
"UBR-CA",20260703,384900.000000,106.916667,268.383252,274.649670,288.000000
"UBR-CA",20260703,385200.000000,107.000000,269.222569,275.389362,288.000000
"UBR-CA",20260703,385500.000000,107.083333,269.120255,275.269574,287.648587
"UBR-CA",20260703,385800.000000,107.166667,265.753647,273.919895,284.289202
"UBR-CA",20260703,386100.000000,107.250000,265.983676,274.379101,281.550402
"UBR-CA",20260703,386400.000000,107.333333,269.289700,275.257175,281.845059
"UBR-CA",20260703,386700.000000,107.416667,271.607582,275.712067,280.062533
"UBR-CA",20260703,387000.000000,107.500000,272.745013,276.405740,279.845255
"UBR-CA",20260703,387300.000000,107.583333,273.354488,276.749847,280.338626
"UBR-CA",20260703,387600.000000,107.666667,271.344824,278.608255,283.151913
"UBR-CA",20260703,387900.000000,107.750000,271.910179,278.871242,284.569952
"UBR-CA",20260703,388200.000000,107.833333,271.236031,279.188109,285.585038
"UBR-CA",20260703,388500.000000,107.916667,274.513965,281.211095,286.627443
"UBR-CA",20260703,388800.000000,108.000000,276.712598,282.653720,288.000000
"UBR-CA",20260703,389100.000000,108.083333,278.235022,282.856809,288.000000
"UBR-CA",20260703,389400.000000,108.166667,276.088321,282.592994,288.000000
"UBR-CA",20260703,389700.000000,108.250000,273.605429,281.761201,288.000000
"UBR-CA",20260703,390000.000000,108.333333,274.487664,282.109710,288.000000
"UBR-CA",20260703,390300.000000,108.416667,275.238537,282.250841,288.000000
"UBR-CA",20260703,390600.000000,108.500000,277.751867,283.175654,288.000000
"UBR-CA",20260703,390900.000000,108.583333,281.279893,283.938368,286.259318
"UBR-CA",20260703,391200.000000,108.666667,282.724842,283.976244,285.279893
"UBR-CA",20260703,391500.000000,108.750000,281.440255,284.935589,288.000000
"UBR-CA",20260703,391800.000000,108.833333,280.695390,285.819060,288.000000
"UBR-CA",20260703,392100.000000,108.916667,282.709329,286.677332,288.000000
"UBR-CA",20260703,392400.000000,109.000000,285.910760,287.477690,288.000000
"UBR-CA",20260703,392700.000000,109.083333,288.000000,288.000000,288.000000
"UBR-CA",20260703,393000.000000,109.166667,288.000000,288.000000,288.000000
"UBR-CA",20260703,393300.000000,109.250000,286.733609,287.484481,288.000000
"UBR-CA",20260703,393600.000000,109.333333,287.339682,287.834921,288.000000
"UBR-CA",20260703,393900.000000,109.416667,285.316135,287.329034,288.000000
"UBR-CA",20260703,394200.000000,109.500000,283.347885,286.782182,288.000000
"UBR-CA",20260703,394500.000000,109.583333,281.159797,286.104418,288.000000
"UBR-CA",20260703,394800.000000,109.666667,279.882621,285.970655,288.000000
"UBR-CA",20260703,395100.000000,109.750000,279.219026,285.804757,288.000000
"UBR-CA",20260703,395400.000000,109.833333,280.574014,286.143503,288.000000
"UBR-CA",20260703,395700.000000,109.916667,282.028779,286.507195,288.000000
"UBR-CA",20260703,396000.000000,110.000000,283.139548,286.315011,288.000000
"UBR-CA",20260703,396300.000000,110.083333,279.146839,285.332595,288.000000
"UBR-CA",20260703,396600.000000,110.166667,277.182525,285.257044,288.000000
"UBR-CA",20260703,396900.000000,110.250000,275.976477,284.994119,288.000000
"UBR-CA",20260703,397200.000000,110.333333,279.081645,285.770411,288.000000
"UBR-CA",20260703,397500.000000,110.416667,280.811601,286.046812,288.000000
"UBR-CA",20260703,397800.000000,110.500000,283.118746,285.854945,288.000000
"UBR-CA",20260703,398100.000000,110.583333,278.100095,285.137632,288.000000
"UBR-CA",20260703,398400.000000,110.666667,281.000943,286.250236,288.000000
"UBR-CA",20260703,398700.000000,110.750000,283.562308,286.890577,288.000000
"UBR-CA",20260703,399000.000000,110.833333,283.695315,286.923829,288.000000
"UBR-CA",20260703,399300.000000,110.916667,285.579286,287.394821,288.000000
"UBR-CA",20260703,399600.000000,111.000000,287.703241,287.925810,288.000000
"UBR-CA",20260703,399900.000000,111.083333,287.432514,287.858129,288.000000
"UBR-CA",20260703,400200.000000,111.166667,286.698887,287.674722,288.000000
"UBR-CA",20260703,400500.000000,111.250000,288.000000,288.000000,288.000000
"UBR-CA",20260703,400800.000000,111.333333,287.291541,287.822885,288.000000
"UBR-CA",20260703,401100.000000,111.416667,284.792175,286.898162,288.000000
"UBR-CA",20260703,401400.000000,111.500000,285.605707,287.186797,288.000000
"UBR-CA",20260703,401700.000000,111.583333,284.992041,287.064495,288.000000
"UBR-CA",20260703,402000.000000,111.666667,282.885185,286.317965,288.000000
"UBR-CA",20260703,402300.000000,111.750000,286.197829,287.432228,288.000000
"UBR-CA",20260703,402600.000000,111.833333,285.560688,287.360566,288.000000
"UBR-CA",20260703,402900.000000,111.916667,288.000000,288.000000,288.000000
"UBR-CA",20260703,403200.000000,112.000000,288.000000,288.000000,288.000000
"UBR-CA",20260703,403500.000000,112.083333,288.000000,288.000000,288.000000
"UBR-CA",20260703,403800.000000,112.166667,288.000000,288.000000,288.000000
"UBR-CA",20260703,404100.000000,112.250000,287.127941,287.677658,288.000000
"UBR-CA",20260703,404400.000000,112.333333,287.889374,287.972343,288.000000
"UBR-CA",20260703,404700.000000,112.416667,287.677105,287.919276,288.000000
"UBR-CA",20260703,405000.000000,112.500000,286.566377,287.641594,288.000000
"UBR-CA",20260703,405300.000000,112.583333,288.000000,288.000000,288.000000
"UBR-CA",20260703,405600.000000,112.666667,285.283431,287.320858,288.000000
"UBR-CA",20260703,405900.000000,112.750000,282.773114,286.255296,288.000000
"UBR-CA",20260703,406200.000000,112.833333,282.090949,286.522737,288.000000
"UBR-CA",20260703,406500.000000,112.916667,285.065210,286.762845,288.000000
"UBR-CA",20260703,406800.000000,113.000000,286.587049,287.646762,288.000000
"UBR-CA",20260703,407100.000000,113.083333,287.598076,287.879519,288.000000
"UBR-CA",20260703,407400.000000,113.166667,287.524807,287.881202,288.000000
"UBR-CA",20260703,407700.000000,113.250000,288.000000,288.000000,288.000000
"UBR-CA",20260703,408000.000000,113.333333,284.787234,287.196809,288.000000
"UBR-CA",20260703,408300.000000,113.416667,283.786797,286.946699,288.000000
"UBR-CA",20260703,408600.000000,113.500000,282.919157,286.672483,288.000000
"UBR-CA",20260703,408900.000000,113.583333,283.523298,285.629542,288.000000
"UBR-CA",20260703,409200.000000,113.666667,281.519747,285.616601,288.000000
"UBR-CA",20260703,409500.000000,113.750000,280.900114,285.942106,288.000000
"UBR-CA",20260703,409800.000000,113.833333,277.806041,284.548752,288.000000
"UBR-CA",20260703,410100.000000,113.916667,279.397009,284.409111,287.598741
"UBR-CA",20260703,410400.000000,114.000000,281.001053,284.090781,286.198892
"UBR-CA",20260703,410700.000000,114.083333,280.202075,283.516684,286.102178
"UBR-CA",20260703,411000.000000,114.166667,282.950434,285.038026,288.000000
"UBR-CA",20260703,411300.000000,114.250000,286.086264,287.036019,288.000000
"UBR-CA",20260703,411600.000000,114.333333,285.683830,286.863475,288.000000
"UBR-CA",20260703,411900.000000,114.416667,283.092532,285.568577,288.000000
"UBR-CA",20260703,412200.000000,114.500000,278.938774,285.397184,288.000000
"UBR-CA",20260703,412500.000000,114.583333,281.561107,285.970604,288.000000
"UBR-CA",20260703,412800.000000,114.666667,283.024076,285.917378,288.000000
"UBR-CA",20260703,413100.000000,114.750000,283.865065,286.850112,288.000000
"UBR-CA",20260703,413400.000000,114.833333,285.524307,286.982227,288.000000
"UBR-CA",20260703,413700.000000,114.916667,281.212740,286.201128,288.000000
"UBR-CA",20260703,414000.000000,115.000000,283.435069,286.811163,288.000000
"UBR-CA",20260703,414300.000000,115.083333,283.659918,286.533047,288.000000
"UBR-CA",20260703,414600.000000,115.166667,282.965274,286.648723,288.000000
"UBR-CA",20260703,414900.000000,115.250000,284.371793,286.468358,288.000000
"UBR-CA",20260703,415200.000000,115.333333,283.138458,286.387477,288.000000
"UBR-CA",20260703,415500.000000,115.416667,285.247407,287.275453,288.000000
"UBR-CA",20260703,415800.000000,115.500000,285.149811,286.913220,288.000000
"UBR-CA",20260703,416100.000000,115.583333,285.734215,287.350754,288.000000
"UBR-CA",20260703,416400.000000,115.666667,285.157335,287.240867,288.000000
"UBR-CA",20260703,416700.000000,115.750000,286.436321,287.315380,287.814637
"UBR-CA",20260703,417000.000000,115.833333,285.518463,287.379616,288.000000
"UBR-CA",20260703,417300.000000,115.916667,288.000000,288.000000,288.000000
"UBR-CA",20260703,417600.000000,116.000000,288.000000,288.000000,288.000000
"UBR-CA",20260703,417900.000000,116.083333,288.000000,288.000000,288.000000
"UBR-CA",20260703,418200.000000,116.166667,288.000000,288.000000,288.000000
"UBR-CA",20260703,418500.000000,116.250000,285.101052,287.275263,288.000000
"UBR-CA",20260703,418800.000000,116.333333,283.009829,286.015224,288.000000
"UBR-CA",20260703,419100.000000,116.416667,282.073606,285.117183,288.000000
"UBR-CA",20260703,419400.000000,116.500000,280.613084,284.362580,288.000000
"UBR-CA",20260703,419700.000000,116.583333,278.735525,283.516191,288.000000
"UBR-CA",20260703,420000.000000,116.666667,278.231639,282.274560,288.000000
"UBR-CA",20260703,420300.000000,116.750000,277.617017,284.075100,288.000000
"UBR-CA",20260703,420600.000000,116.833333,276.980632,284.510844,288.000000
"UBR-CA",20260703,420900.000000,116.916667,278.301862,285.356221,288.000000
"UBR-CA",20260703,421200.000000,117.000000,281.495755,285.599541,288.000000
"UBR-CA",20260703,421500.000000,117.083333,283.131349,285.302215,288.000000
"UBR-CA",20260703,421800.000000,117.166667,282.506398,285.933442,287.261605
"UBR-CA",20260703,422100.000000,117.250000,280.627445,286.156861,288.000000
"UBR-CA",20260703,422400.000000,117.333333,278.699627,285.674907,288.000000
"UBR-CA",20260703,422700.000000,117.416667,275.825206,284.519238,288.000000
"UBR-CA",20260703,423000.000000,117.500000,279.825206,284.932795,288.000000
"UBR-CA",20260703,423300.000000,117.583333,283.168176,285.844082,286.982975
"UBR-CA",20260703,423600.000000,117.666667,284.117129,286.142052,288.000000
"UBR-CA",20260703,423900.000000,117.750000,285.189938,287.297484,288.000000
"UBR-CA",20260703,424200.000000,117.833333,285.411146,287.352786,288.000000
"UBR-CA",20260703,424500.000000,117.916667,285.095549,287.273887,288.000000
"UBR-CA",20260703,424800.000000,118.000000,285.884157,287.214582,288.000000
"UBR-CA",20260703,425100.000000,118.083333,285.304867,287.326217,288.000000
"UBR-CA",20260703,425400.000000,118.166667,282.929983,286.670371,288.000000
"UBR-CA",20260703,425700.000000,118.250000,285.559472,286.538730,288.000000
"UBR-CA",20260703,426000.000000,118.333333,284.297326,286.193549,288.000000
"UBR-CA",20260703,426300.000000,118.416667,283.020665,286.516905,288.000000
"UBR-CA",20260703,426600.000000,118.500000,284.326685,287.081671,288.000000
"UBR-CA",20260703,426900.000000,118.583333,286.517428,287.350590,288.000000
"UBR-CA",20260703,427200.000000,118.666667,287.145954,287.786489,288.000000
"UBR-CA",20260703,427500.000000,118.750000,284.753935,286.490505,288.000000
"UBR-CA",20260703,427800.000000,118.833333,284.616666,286.281798,288.000000
"UBR-CA",20260703,428100.000000,118.916667,285.254203,286.987703,288.000000
"UBR-CA",20260703,428400.000000,119.000000,285.179317,286.862781,288.000000
"UBR-CA",20260703,428700.000000,119.083333,285.990004,287.315342,288.000000
"UBR-CA",20260703,429000.000000,119.166667,284.285114,286.359360,288.000000
"UBR-CA",20260703,429300.000000,119.250000,281.658062,286.019627,288.000000
"UBR-CA",20260703,429600.000000,119.333333,283.924553,286.724075,288.000000
"UBR-CA",20260703,429900.000000,119.416667,286.035196,287.139445,288.000000
"UBR-CA",20260703,430200.000000,119.500000,286.582143,287.645536,288.000000
"UBR-CA",20260703,430500.000000,119.583333,285.997682,287.167861,288.000000
"UBR-CA",20260703,430800.000000,119.666667,286.275335,286.880467,288.000000
"UBR-CA",20260703,431100.000000,119.750000,283.958104,286.636425,288.000000
"UBR-CA",20260703,431400.000000,119.833333,284.995350,287.248837,288.000000
"UBR-CA",20260703,431700.000000,119.916667,283.066310,286.766577,288.000000
"UBR-CA",20260703,432000.000000,120.000000,282.128206,286.184645,288.000000
"UBR-CA",20260703,432300.000000,120.083333,283.858347,286.559262,288.000000
"UBR-CA",20260703,432600.000000,120.166667,284.633949,287.158487,288.000000
"UBR-CA",20260703,432900.000000,120.250000,288.000000,288.000000,288.000000
"UBR-CA",20260703,433200.000000,120.333333,288.000000,288.000000,288.000000
"UBR-CA",20260703,433500.000000,120.416667,286.508062,287.627015,288.000000
"UBR-CA",20260703,433800.000000,120.500000,288.000000,288.000000,288.000000
"UBR-CA",20260703,434100.000000,120.583333,288.000000,288.000000,288.000000
"UBR-CA",20260703,434400.000000,120.666667,287.185756,287.796439,288.000000
"UBR-CA",20260703,434700.000000,120.750000,286.479759,287.243920,288.000000
"UBR-CA",20260703,435000.000000,120.833333,283.359906,286.839976,288.000000
"UBR-CA",20260703,435300.000000,120.916667,284.389093,286.334884,288.000000
"UBR-CA",20260703,435600.000000,121.000000,283.505985,286.342191,288.000000
"UBR-CA",20260703,435900.000000,121.083333,280.662335,286.021392,288.000000
"UBR-CA",20260703,436200.000000,121.166667,283.623655,286.681989,288.000000
"UBR-CA",20260703,436500.000000,121.250000,286.273607,287.455444,288.000000
"UBR-CA",20260703,436800.000000,121.333333,284.910308,287.227577,288.000000
"UBR-CA",20260703,437100.000000,121.416667,283.724665,286.586915,288.000000
"UBR-CA",20260703,437400.000000,121.500000,284.607586,286.582094,288.000000
"UBR-CA",20260703,437700.000000,121.583333,284.253767,287.043594,288.000000
"UBR-CA",20260703,438000.000000,121.666667,286.511348,287.556207,288.000000
"UBR-CA",20260703,438300.000000,121.750000,284.920853,287.230213,288.000000
"UBR-CA",20260703,438600.000000,121.833333,283.229850,286.807462,288.000000
"UBR-CA",20260703,438900.000000,121.916667,282.363046,286.590761,288.000000
"UBR-CA",20260703,439200.000000,122.000000,283.793089,286.948272,288.000000
"UBR-CA",20260703,439500.000000,122.083333,286.023737,287.454206,288.000000
"UBR-CA",20260703,439800.000000,122.166667,286.690105,287.672526,288.000000
"UBR-CA",20260703,440100.000000,122.250000,286.865905,287.716476,288.000000
"UBR-CA",20260703,440400.000000,122.333333,287.406977,287.851744,288.000000
"UBR-CA",20260703,440700.000000,122.416667,287.989736,287.997434,288.000000
"UBR-CA",20260703,441000.000000,122.500000,287.500962,287.875241,288.000000
"UBR-CA",20260703,441300.000000,122.583333,286.635665,287.636636,288.000000
"UBR-CA",20260703,441600.000000,122.666667,287.361723,287.767882,288.000000
"UBR-CA",20260703,441900.000000,122.750000,286.661647,287.665412,288.000000
"UBR-CA",20260703,442200.000000,122.833333,285.771537,286.848345,288.000000
"UBR-CA",20260703,442500.000000,122.916667,283.384675,285.792494,288.000000
"UBR-CA",20260703,442800.000000,123.000000,283.578912,285.915737,288.000000
"UBR-CA",20260703,443100.000000,123.083333,285.942277,287.354029,288.000000
"UBR-CA",20260703,443400.000000,123.166667,286.125593,287.263671,288.000000
"UBR-CA",20260703,443700.000000,123.250000,284.967189,287.241797,288.000000
"UBR-CA",20260703,444000.000000,123.333333,287.953218,287.988304,288.000000
"UBR-CA",20260703,444300.000000,123.416667,286.096665,287.524166,288.000000
"UBR-CA",20260703,444600.000000,123.500000,283.955460,286.281482,287.851133
"UBR-CA",20260703,444900.000000,123.583333,282.762488,285.082125,288.000000
"UBR-CA",20260703,445200.000000,123.666667,281.103402,285.028084,288.000000
"UBR-CA",20260703,445500.000000,123.750000,281.295567,285.239980,287.525443
"UBR-CA",20260703,445800.000000,123.833333,281.877170,285.177503,288.000000
"UBR-CA",20260703,446100.000000,123.916667,282.208212,284.748446,288.000000
"UBR-CA",20260703,446400.000000,124.000000,281.598432,284.628219,288.000000
"UBR-CA",20260703,446700.000000,124.083333,284.477164,286.824056,288.000000
"UBR-CA",20260703,447000.000000,124.166667,287.139379,287.784845,288.000000
"UBR-CA",20260703,447300.000000,124.250000,287.572549,287.893137,288.000000
"UBR-CA",20260703,447600.000000,124.333333,287.034886,287.460935,288.000000
"UBR-CA",20260703,447900.000000,124.416667,283.783038,286.391624,288.000000
"UBR-CA",20260703,448200.000000,124.500000,284.579984,287.144433,288.000000
"UBR-CA",20260703,448500.000000,124.583333,285.196270,287.299067,288.000000
"UBR-CA",20260703,448800.000000,124.666667,285.995032,287.398184,288.000000
"UBR-CA",20260703,449100.000000,124.750000,285.208184,287.206690,288.000000
"UBR-CA",20260703,449400.000000,124.833333,285.835713,286.872384,288.000000
"UBR-CA",20260703,449700.000000,124.916667,285.892884,287.042278,288.000000
"UBR-CA",20260703,450000.000000,125.000000,285.173088,286.588338,288.000000
"UBR-CA",20260703,450300.000000,125.083333,283.329826,285.845944,288.000000
"UBR-CA",20260703,450600.000000,125.166667,282.760068,286.252693,288.000000
"UBR-CA",20260703,450900.000000,125.250000,282.181503,286.346954,288.000000
"UBR-CA",20260703,451200.000000,125.333333,281.603018,286.244783,288.000000
"UBR-CA",20260703,451500.000000,125.416667,279.335951,285.833988,288.000000
"UBR-CA",20260703,451800.000000,125.500000,276.760998,284.679992,288.000000
"UBR-CA",20260703,452100.000000,125.583333,276.078841,284.670658,288.000000
"UBR-CA",20260703,452400.000000,125.666667,275.590838,284.027160,288.000000
"UBR-CA",20260703,452700.000000,125.750000,273.233609,282.236483,287.079345
"UBR-CA",20260703,453000.000000,125.833333,273.873983,281.551267,287.005289
"UBR-CA",20260703,453300.000000,125.916667,277.873983,282.349145,288.000000
"UBR-CA",20260703,453600.000000,126.000000,280.279336,284.330411,287.973491
"UBR-CA",20260703,453900.000000,126.083333,281.852744,285.234554,288.000000
"UBR-CA",20260703,454200.000000,126.166667,283.642787,285.845220,288.000000
"UBR-CA",20260703,454500.000000,126.250000,285.190966,287.297742,288.000000
"UBR-CA",20260703,454800.000000,126.333333,287.622161,287.905540,288.000000
"UBR-CA",20260703,455100.000000,126.416667,286.913633,287.505114,288.000000
"UBR-CA",20260703,455400.000000,126.500000,287.099806,287.774951,288.000000
"UBR-CA",20260703,455700.000000,126.583333,287.899082,287.974771,288.000000
"UBR-CA",20260703,456000.000000,126.666667,288.000000,288.000000,288.000000
"UBR-CA",20260703,456300.000000,126.750000,288.000000,288.000000,288.000000
"UBR-CA",20260703,456600.000000,126.833333,286.988789,287.747197,288.000000
"UBR-CA",20260703,456900.000000,126.916667,288.000000,288.000000,288.000000
"UBR-CA",20260703,457200.000000,127.000000,284.448890,287.112222,288.000000
"UBR-CA",20260703,457500.000000,127.083333,281.489909,286.372477,288.000000
"UBR-CA",20260703,457800.000000,127.166667,278.150085,285.263587,288.000000
"UBR-CA",20260703,458100.000000,127.250000,275.448370,284.862093,288.000000
"UBR-CA",20260703,458400.000000,127.333333,277.166818,284.927870,288.000000
"UBR-CA",20260703,458700.000000,127.416667,281.107774,285.512190,288.000000
"UBR-CA",20260703,459000.000000,127.500000,281.791597,285.806122,287.634651
"UBR-CA",20260703,459300.000000,127.583333,280.325715,285.334938,288.000000
"UBR-CA",20260703,459600.000000,127.666667,280.295688,285.275169,288.000000
"UBR-CA",20260703,459900.000000,127.750000,281.176555,285.964365,288.000000
"UBR-CA",20260703,460200.000000,127.833333,283.341692,286.134138,287.238749
"UBR-CA",20260703,460500.000000,127.916667,284.840708,285.323832,286.059648
"UBR-CA",20260703,460800.000000,128.000000,283.382345,284.830221,287.466239
"UBR-CA",20260703,461100.000000,128.083333,280.995062,283.497911,288.000000
"UBR-CA",20260703,461400.000000,128.166667,279.292951,283.714777,288.000000
"UBR-CA",20260703,461700.000000,128.250000,280.858964,283.855911,287.247513
"UBR-CA",20260703,462000.000000,128.333333,281.589494,284.408294,285.872872
"UBR-CA",20260703,462300.000000,128.416667,281.486115,285.299971,288.000000
"UBR-CA",20260703,462600.000000,128.500000,282.049661,286.409444,288.000000
"UBR-CA",20260703,462900.000000,128.583333,283.924018,286.814109,288.000000
"UBR-CA",20260703,463200.000000,128.666667,282.541134,286.109018,288.000000
"UBR-CA",20260703,463500.000000,128.750000,283.833124,286.430994,288.000000
"UBR-CA",20260703,463800.000000,128.833333,285.162973,286.990617,288.000000
"UBR-CA",20260703,464100.000000,128.916667,285.739509,287.434877,288.000000
"UBR-CA",20260703,464400.000000,129.000000,285.254340,287.057722,288.000000
"UBR-CA",20260703,464700.000000,129.083333,286.361551,287.310291,288.000000
"UBR-CA",20260703,465000.000000,129.166667,285.889380,287.432130,288.000000
"UBR-CA",20260703,465300.000000,129.250000,284.855280,287.185725,288.000000
"UBR-CA",20260703,465600.000000,129.333333,284.465846,286.846730,288.000000
"UBR-CA",20260703,465900.000000,129.416667,284.923829,287.099734,288.000000
"UBR-CA",20260703,466200.000000,129.500000,281.965576,286.491394,288.000000
"UBR-CA",20260703,466500.000000,129.583333,285.060543,287.265136,288.000000
"UBR-CA",20260703,466800.000000,129.666667,286.864034,287.716009,288.000000
"UBR-CA",20260703,467100.000000,129.750000,286.880728,287.487262,288.000000
"UBR-CA",20260703,467400.000000,129.833333,285.891732,287.472933,288.000000
"UBR-CA",20260703,467700.000000,129.916667,284.440439,287.052463,288.000000
"UBR-CA",20260703,468000.000000,130.000000,285.293137,287.001868,288.000000
"UBR-CA",20260703,468300.000000,130.083333,285.896022,287.124546,288.000000
"UBR-CA",20260703,468600.000000,130.166667,287.271610,287.783486,288.000000
"UBR-CA",20260703,468900.000000,130.250000,286.698399,287.659543,288.000000
"UBR-CA",20260703,469200.000000,130.333333,287.366943,287.841736,288.000000
"UBR-CA",20260703,469500.000000,130.416667,284.874517,286.266327,288.000000
"UBR-CA",20260703,469800.000000,130.500000,284.318726,285.286020,286.797121
"UBR-CA",20260703,470100.000000,130.583333,281.628420,284.006811,287.792795
"UBR-CA",20260703,470400.000000,130.666667,278.814805,284.044216,287.927423
"UBR-CA",20260703,470700.000000,130.750000,279.668388,284.423441,288.000000
"UBR-CA",20260703,471000.000000,130.833333,282.553759,284.216250,285.964973
"UBR-CA",20260703,471300.000000,130.916667,282.789542,284.142977,286.585853
"UBR-CA",20260703,471600.000000,131.000000,282.915916,285.595617,288.000000
"UBR-CA",20260703,471900.000000,131.083333,284.266876,286.116930,288.000000
"UBR-CA",20260703,472200.000000,131.166667,282.012952,285.771024,288.000000
"UBR-CA",20260703,472500.000000,131.250000,281.103283,285.524387,288.000000
"UBR-CA",20260703,472800.000000,131.333333,284.188286,286.173833,288.000000
"UBR-CA",20260703,473100.000000,131.416667,284.364841,286.390805,288.000000
"UBR-CA",20260703,473400.000000,131.500000,285.968556,287.313119,288.000000
"UBR-CA",20260703,473700.000000,131.583333,286.721039,287.680260,288.000000
"UBR-CA",20260703,474000.000000,131.666667,288.000000,288.000000,288.000000
"UBR-CA",20260703,474300.000000,131.750000,287.786718,287.946679,288.000000
"UBR-CA",20260703,474600.000000,131.833333,284.916523,287.229131,288.000000
"UBR-CA",20260703,474900.000000,131.916667,287.054083,287.587415,288.000000
"UBR-CA",20260703,475200.000000,132.000000,285.952870,287.488218,288.000000
"UBR-CA",20260703,475500.000000,132.083333,288.000000,288.000000,288.000000
"UBR-CA",20260703,475800.000000,132.166667,287.080813,287.770203,288.000000
"UBR-CA",20260703,476100.000000,132.250000,286.549303,287.637326,288.000000
"UBR-CA",20260703,476400.000000,132.333333,287.905313,287.976328,288.000000
"UBR-CA",20260703,476700.000000,132.416667,286.339498,287.584874,288.000000
"UBR-CA",20260703,477000.000000,132.500000,285.704460,287.426115,288.000000
"UBR-CA",20260703,477300.000000,132.583333,282.611735,286.228944,288.000000
"UBR-CA",20260703,477600.000000,132.666667,282.039040,286.509760,288.000000
"UBR-CA",20260703,477900.000000,132.750000,283.322548,286.761058,288.000000
"UBR-CA",20260703,478200.000000,132.833333,281.653150,286.413288,288.000000
"UBR-CA",20260703,478500.000000,132.916667,279.587907,285.603525,288.000000
"UBR-CA",20260703,478800.000000,133.000000,280.629206,284.870877,288.000000
"UBR-CA",20260703,479100.000000,133.083333,280.203309,284.313320,288.000000
"UBR-CA",20260703,479400.000000,133.166667,281.992325,285.470551,288.000000
"UBR-CA",20260703,479700.000000,133.250000,283.828464,286.515290,288.000000
"UBR-CA",20260703,480000.000000,133.333333,285.271621,286.479551,288.000000
"UBR-CA",20260703,480300.000000,133.416667,281.134684,284.586990,288.000000
"UBR-CA",20260703,480600.000000,133.500000,278.871796,284.341190,288.000000
"UBR-CA",20260703,480900.000000,133.583333,280.073040,285.291612,287.889662
"UBR-CA",20260703,481200.000000,133.666667,280.261755,285.595733,288.000000
"UBR-CA",20260703,481500.000000,133.750000,282.909938,286.376401,288.000000
"UBR-CA",20260703,481800.000000,133.833333,281.997809,285.446915,288.000000
"UBR-CA",20260703,482100.000000,133.916667,279.685550,285.319832,288.000000
"UBR-CA",20260703,482400.000000,134.000000,283.662942,286.190941,288.000000
"UBR-CA",20260703,482700.000000,134.083333,286.250785,286.910318,288.000000
"UBR-CA",20260703,483000.000000,134.166667,286.053060,287.513265,288.000000
"UBR-CA",20260703,483300.000000,134.250000,285.765102,287.441276,288.000000
"UBR-CA",20260703,483600.000000,134.333333,285.043338,287.088937,288.000000
"UBR-CA",20260703,483900.000000,134.416667,284.157448,286.649076,288.000000
"UBR-CA",20260703,484200.000000,134.500000,283.439303,286.557130,288.000000
"UBR-CA",20260703,484500.000000,134.583333,284.951949,286.802814,288.000000
"UBR-CA",20260703,484800.000000,134.666667,283.929282,286.213263,288.000000
"UBR-CA",20260703,485100.000000,134.750000,283.542240,286.738659,288.000000
"UBR-CA",20260703,485400.000000,134.833333,284.263247,287.065812,288.000000
"UBR-CA",20260703,485700.000000,134.916667,287.712576,287.928144,288.000000
"UBR-CA",20260703,486000.000000,135.000000,287.352096,287.838024,288.000000
"UBR-CA",20260703,486300.000000,135.083333,284.509148,287.127287,288.000000
"UBR-CA",20260703,486600.000000,135.166667,285.962302,287.411218,288.000000
"UBR-CA",20260703,486900.000000,135.250000,283.891014,286.838848,288.000000
"UBR-CA",20260703,487200.000000,135.333333,284.726612,287.181653,288.000000
"UBR-CA",20260703,487500.000000,135.416667,286.467962,287.267116,288.000000
"UBR-CA",20260703,487800.000000,135.500000,284.758538,287.189635,288.000000
"UBR-CA",20260703,488100.000000,135.583333,284.155623,287.038906,288.000000
"UBR-CA",20260703,488400.000000,135.666667,285.020986,287.255247,288.000000
"UBR-CA",20260703,488700.000000,135.750000,286.795783,287.457360,288.000000
"UBR-CA",20260703,489000.000000,135.833333,286.237037,287.559259,288.000000
"UBR-CA",20260703,489300.000000,135.916667,285.840419,287.460105,288.000000
"UBR-CA",20260703,489600.000000,136.000000,286.525205,287.328268,288.000000
"UBR-CA",20260703,489900.000000,136.083333,285.134137,286.919153,288.000000
"UBR-CA",20260703,490200.000000,136.166667,284.333970,286.525119,288.000000
"UBR-CA",20260703,490500.000000,136.250000,284.398859,286.510117,288.000000
"UBR-CA",20260703,490800.000000,136.333333,282.888331,286.470393,288.000000
"UBR-CA",20260703,491100.000000,136.416667,285.442788,287.334821,288.000000
"UBR-CA",20260703,491400.000000,136.500000,285.765729,286.955504,288.000000
"UBR-CA",20260703,491700.000000,136.583333,283.928565,286.660247,288.000000
"UBR-CA",20260703,492000.000000,136.666667,284.825628,287.007763,288.000000
"UBR-CA",20260703,492300.000000,136.750000,285.738100,287.152845,288.000000
"UBR-CA",20260703,492600.000000,136.833333,285.159047,286.994024,288.000000
"UBR-CA",20260703,492900.000000,136.916667,285.536339,287.009622,288.000000
"UBR-CA",20260703,493200.000000,137.000000,282.882322,286.720581,288.000000
"UBR-CA",20260703,493500.000000,137.083333,283.815918,286.953980,288.000000
"UBR-CA",20260703,493800.000000,137.166667,285.440264,286.940394,288.000000
"UBR-CA",20260703,494100.000000,137.250000,287.275638,287.818909,288.000000
"UBR-CA",20260703,494400.000000,137.333333,286.187985,287.546996,288.000000
"UBR-CA",20260703,494700.000000,137.416667,282.474625,286.618656,288.000000
"UBR-CA",20260703,495000.000000,137.500000,285.884349,287.378816,288.000000
"UBR-CA",20260703,495300.000000,137.583333,286.837093,287.659281,288.000000
"UBR-CA",20260703,495600.000000,137.666667,286.782458,287.596362,288.000000
"UBR-CA",20260703,495900.000000,137.750000,283.923040,285.766173,288.000000
"UBR-CA",20260703,496200.000000,137.833333,280.875633,285.942700,288.000000
"UBR-CA",20260703,496500.000000,137.916667,278.987551,284.579943,288.000000
"UBR-CA",20260703,496800.000000,138.000000,277.477239,283.517090,288.000000
"UBR-CA",20260703,497100.000000,138.083333,277.378573,284.729636,288.000000
"UBR-CA",20260703,497400.000000,138.166667,281.378573,286.076478,288.000000
"UBR-CA",20260703,497700.000000,138.250000,285.378573,287.209429,288.000000
"UBR-CA",20260703,498000.000000,138.333333,287.524468,287.796135,288.000000
"UBR-CA",20260703,498300.000000,138.416667,286.864797,287.274486,288.000000
"UBR-CA",20260703,498600.000000,138.500000,283.107660,285.562834,288.000000
"UBR-CA",20260703,498900.000000,138.583333,279.801762,285.040905,288.000000
"UBR-CA",20260703,499200.000000,138.666667,279.730230,284.849909,288.000000
"UBR-CA",20260703,499500.000000,138.750000,283.730230,286.602217,288.000000
"UBR-CA",20260703,499800.000000,138.833333,285.083416,286.640440,288.000000
"UBR-CA",20260703,500100.000000,138.916667,281.965503,286.025250,288.000000
"UBR-CA",20260703,500400.000000,139.000000,278.355487,284.577751,287.812744
"UBR-CA",20260703,500700.000000,139.083333,278.268045,284.460692,287.874334
"UBR-CA",20260703,501000.000000,139.166667,278.236337,284.630811,288.000000
"UBR-CA",20260703,501300.000000,139.250000,275.613413,282.740272,288.000000
"UBR-CA",20260703,501600.000000,139.333333,268.092454,274.999183,280.541255
"UBR-CA",20260703,501900.000000,139.416667,262.473025,271.957653,278.607895
"UBR-CA",20260703,502200.000000,139.500000,261.298723,268.622986,273.159474
"UBR-CA",20260703,502500.000000,139.583333,263.258269,266.031104,269.953545
"UBR-CA",20260703,502800.000000,139.666667,261.187117,262.703702,264.082871
"UBR-CA",20260703,503100.000000,139.750000,260.179698,261.467438,262.344121
"UBR-CA",20260703,503400.000000,139.833333,256.464365,257.623531,258.585423
"UBR-CA",20260703,503700.000000,139.916667,251.805904,252.536829,253.162636
"UBR-CA",20260703,504000.000000,140.000000,244.581616,246.690292,250.258756
"UBR-CA",20260703,504300.000000,140.083333,240.632033,242.937260,247.408703
"UBR-CA",20260703,504600.000000,140.166667,235.749864,239.255485,242.945257
"UBR-CA",20260703,504900.000000,140.250000,231.833277,234.939274,237.442527
"UBR-CA",20260703,505200.000000,140.333333,226.751460,230.738844,234.545393
"UBR-CA",20260703,505500.000000,140.416667,225.156031,227.641447,231.660212
"UBR-CA",20260703,505800.000000,140.500000,222.532015,224.804651,226.064305
"UBR-CA",20260703,506100.000000,140.583333,221.491251,222.369567,223.364188
"UBR-CA",20260703,506400.000000,140.666667,215.661915,218.383865,220.189990
"UBR-CA",20260703,506700.000000,140.750000,212.393292,213.737240,214.655659
"UBR-CA",20260703,507000.000000,140.833333,208.933494,211.415525,214.955875
"UBR-CA",20260703,507300.000000,140.916667,204.564516,208.974740,215.134812
"UBR-CA",20260703,507600.000000,141.000000,199.584992,206.001192,214.807574
"UBR-CA",20260703,507900.000000,141.083333,197.715068,203.027767,211.990679
"UBR-CA",20260703,508200.000000,141.166667,192.957730,198.660851,208.003177
"UBR-CA",20260703,508500.000000,141.250000,190.903235,195.427072,202.810462
"UBR-CA",20260703,508800.000000,141.333333,188.793990,193.095436,197.459852
"UBR-CA",20260703,509100.000000,141.416667,184.421976,190.887084,194.631211
"UBR-CA",20260703,509400.000000,141.500000,182.150862,187.337750,192.332097
"UBR-CA",20260703,509700.000000,141.583333,182.052805,184.199821,185.293135
"UBR-CA",20260703,510000.000000,141.666667,180.860806,181.937772,183.190339
"UBR-CA",20260703,510300.000000,141.750000,180.526882,180.732367,181.085229
"UBR-CA",20260703,510600.000000,141.833333,176.310193,178.608765,179.814143
"UBR-CA",20260703,510900.000000,141.916667,173.626171,176.797180,180.224988
"UBR-CA",20260703,511200.000000,142.000000,168.071299,172.632547,176.815767
"UBR-CA",20260703,511500.000000,142.083333,161.012838,166.783662,171.833152
"UBR-CA",20260703,511800.000000,142.166667,160.328294,165.907898,171.037729
"UBR-CA",20260703,512100.000000,142.250000,159.085280,163.809046,168.627768
"UBR-CA",20260703,512400.000000,142.333333,155.851526,161.046033,165.083952
"UBR-CA",20260703,512700.000000,142.416667,152.943008,158.609141,163.473724
"UBR-CA",20260703,513000.000000,142.500000,152.030943,156.958922,163.269044
"UBR-CA",20260703,513300.000000,142.583333,149.177390,153.290964,159.340991
"UBR-CA",20260703,513600.000000,142.666667,142.941498,148.773670,155.237130
"UBR-CA",20260703,513900.000000,142.750000,140.351525,145.754203,152.531786
"UBR-CA",20260703,514200.000000,142.833333,138.907047,141.866049,147.176508
"UBR-CA",20260703,514500.000000,142.916667,134.385038,137.601648,142.551501
"UBR-CA",20260703,514800.000000,143.000000,130.069147,134.950067,141.587626
"UBR-CA",20260703,515100.000000,143.083333,127.317519,131.814845,139.089520
"UBR-CA",20260703,515400.000000,143.166667,122.261255,128.676361,135.341386
"UBR-CA",20260703,515700.000000,143.250000,124.792065,127.043009,128.574246
"UBR-CA",20260703,516000.000000,143.333333,120.976972,124.413582,128.865610
"UBR-CA",20260703,516300.000000,143.416667,119.576385,122.170099,126.645537
"UBR-CA",20260703,516600.000000,143.500000,113.735135,118.936944,122.929517
"UBR-CA",20260703,516900.000000,143.583333,112.022207,118.566770,122.965109
"UBR-CA",20260703,517200.000000,143.666667,109.463751,116.552895,120.750799
"UBR-CA",20260703,517500.000000,143.750000,102.235786,111.140842,118.438929
"UBR-CA",20260703,517800.000000,143.833333,95.797277,105.534923,113.859379
"UBR-CA",20260703,518100.000000,143.916667,92.775826,102.742689,111.128874
"UBR-CA",20260703,518400.000000,144.000000,89.205145,99.178561,110.810937
"UBR-CA",20260703,518700.000000,144.083333,89.854128,98.643463,110.346106
"UBR-CA",20260703,519000.000000,144.166667,85.130176,96.209774,107.848960
"UBR-CA",20260703,519300.000000,144.250000,79.630308,93.397660,105.135346
"UBR-CA",20260703,519600.000000,144.333333,79.119197,90.788731,99.941232
"UBR-CA",20260703,519900.000000,144.416667,79.672692,88.528342,94.696481
"UBR-CA",20260703,520200.000000,144.500000,81.167215,86.303931,90.105359
"UBR-CA",20260703,520500.000000,144.583333,78.404575,84.031464,89.466333
"UBR-CA",20260703,520800.000000,144.666667,77.652788,82.080369,88.827663
"UBR-CA",20260703,521100.000000,144.750000,73.941299,78.483603,84.883427
"UBR-CA",20260703,521400.000000,144.833333,70.251363,74.179120,79.863115
"UBR-CA",20260703,521700.000000,144.916667,65.920684,70.699660,76.821763
"UBR-CA",20260703,522000.000000,145.000000,62.328670,66.247039,70.102985
"UBR-CA",20260703,522300.000000,145.083333,58.875522,62.670172,64.762904
"UBR-CA",20260703,522600.000000,145.166667,53.442380,59.847566,65.018594
"UBR-CA",20260703,522900.000000,145.250000,50.691211,56.464582,62.919938
"UBR-CA",20260703,523200.000000,145.333333,49.599044,53.364080,59.537587
"UBR-CA",20260703,523500.000000,145.416667,42.498442,50.261348,55.863153
"UBR-CA",20260703,523800.000000,145.500000,36.005839,46.852624,53.013799
"UBR-CA",20260703,524100.000000,145.583333,38.264405,45.503856,50.148807
"UBR-CA",20260703,524400.000000,145.666667,39.935133,42.602693,46.174908
"UBR-CA",20260703,524700.000000,145.750000,39.531044,40.242651,40.855148
"UBR-CA",20260703,525000.000000,145.833333,33.655583,37.180442,40.730406
"UBR-CA",20260703,525300.000000,145.916667,30.245626,32.127476,34.296937
"UBR-CA",20260703,525600.000000,146.000000,23.291999,26.773278,29.573717
"UBR-CA",20260703,525900.000000,146.083333,19.799933,22.397714,26.795785
"UBR-CA",20260703,526200.000000,146.166667,15.053336,26.731939,52.000000
"UBR-CA",20260703,526500.000000,146.250000,16.727859,27.857514,51.557596
"UBR-CA",20260703,526800.000000,146.333333,19.643012,27.257011,45.418364
"UBR-CA",20260703,527100.000000,146.416667,18.559165,26.137751,34.025170
"UBR-CA",20260703,527400.000000,146.500000,21.585067,26.675320,28.727859
"UBR-CA",20260703,527700.000000,146.583333,25.210079,26.956507,29.679766
"UBR-CA",20260703,528000.000000,146.666667,25.749967,28.251806,30.373183
"UBR-CA",20260703,528300.000000,146.750000,26.721993,29.790898,32.730549
"UBR-CA",20260703,528600.000000,146.833333,28.797841,31.703039,34.290702
"UBR-CA",20260703,528900.000000,146.916667,30.400720,33.655927,38.290702
"UBR-CA",20260703,529200.000000,147.000000,26.924424,33.785470,39.356000
"UBR-CA",20260703,529500.000000,147.083333,26.571699,33.114436,41.196576
"UBR-CA",20260703,529800.000000,147.166667,27.922942,33.950684,42.139174
"UBR-CA",20260703,530100.000000,147.250000,29.998988,34.640050,39.780331
"UBR-CA",20260703,530400.000000,147.333333,32.513821,36.571128,41.734216
"UBR-CA",20260703,530700.000000,147.416667,36.137295,39.533411,45.253621
"UBR-CA",20260703,531000.000000,147.500000,38.441563,41.878966,47.166275
"UBR-CA",20260703,531300.000000,147.583333,39.963285,43.446280,47.714638
"UBR-CA",20260703,531600.000000,147.666667,41.649912,44.658280,47.838923
"UBR-CA",20260703,531900.000000,147.750000,39.827288,44.500416,48.135792
"UBR-CA",20260703,532200.000000,147.833333,37.444445,43.668831,46.155576
"UBR-CA",20260703,532500.000000,147.916667,38.905070,42.164611,44.422294
"UBR-CA",20260703,532800.000000,148.000000,37.296336,41.475162,42.931296
"UBR-CA",20260703,533100.000000,148.083333,40.236212,40.999070,42.223458
"UBR-CA",20260703,533400.000000,148.166667,40.383148,41.186515,42.737819
"UBR-CA",20260703,533700.000000,148.250000,39.157766,42.221484,44.362315
"UBR-CA",20260703,534000.000000,148.333333,36.969534,42.526780,46.660759
"UBR-CA",20260703,534300.000000,148.416667,35.888048,41.929948,46.536319
"UBR-CA",20260703,534600.000000,148.500000,35.169976,42.118744,46.449976
"UBR-CA",20260703,534900.000000,148.583333,37.324645,42.889314,48.628993
"UBR-CA",20260703,535200.000000,148.666667,39.736585,43.560487,48.334480
"UBR-CA",20260703,535500.000000,148.750000,42.909512,44.012946,46.133029
"UBR-CA",20260703,535800.000000,148.833333,40.911107,44.589821,48.695998
"UBR-CA",20260703,536100.000000,148.916667,39.625971,44.882540,48.990504
"UBR-CA",20260703,536400.000000,149.000000,38.672962,46.449915,52.990504
"UBR-CA",20260703,536700.000000,149.083333,42.672962,48.633549,56.990504
"UBR-CA",20260703,537000.000000,149.166667,36.761553,48.527600,60.990504
"UBR-CA",20260703,537300.000000,149.250000,40.761553,50.255896,61.051359
"UBR-CA",20260703,537600.000000,149.333333,41.392158,52.132206,61.023590
"UBR-CA",20260703,537900.000000,149.416667,45.392158,54.137040,60.071312
"UBR-CA",20260703,538200.000000,149.500000,45.923177,55.831633,60.858319
"UBR-CA",20260703,538500.000000,149.583333,47.592710,57.289563,60.725964
"UBR-CA",20260703,538800.000000,149.666667,51.592710,58.212421,62.021505
"UBR-CA",20260703,539100.000000,149.750000,54.359640,58.824635,63.408020
"UBR-CA",20260703,539400.000000,149.833333,56.368982,58.961633,64.607704
"UBR-CA",20260703,539700.000000,149.916667,56.081332,59.101885,64.456503
"UBR-CA",20260703,540000.000000,150.000000,52.374926,59.223837,65.370093
"UBR-CA",20260703,540300.000000,150.083333,51.222668,59.453387,63.765077
"UBR-CA",20260703,540600.000000,150.166667,54.437981,59.946720,63.772010
"UBR-CA",20260703,540900.000000,150.250000,58.432819,61.326460,67.772010
"UBR-CA",20260703,541200.000000,150.333333,60.102858,62.559623,68.497095
"UBR-CA",20260703,541500.000000,150.416667,58.754071,63.559861,69.738544
"UBR-CA",20260703,541800.000000,150.500000,58.315740,63.584875,69.579074
"UBR-CA",20260703,542100.000000,150.583333,62.258070,63.817289,67.426485
"UBR-CA",20260703,542400.000000,150.666667,59.975133,63.317399,65.560363
"UBR-CA",20260703,542700.000000,150.750000,59.072157,63.726857,66.593156
"UBR-CA",20260703,543000.000000,150.833333,59.930963,64.112318,68.085917
"UBR-CA",20260703,543300.000000,150.916667,60.249396,63.640487,67.425858
"UBR-CA",20260703,543600.000000,151.000000,60.011884,64.428275,67.062291
"UBR-CA",20260703,543900.000000,151.083333,60.374333,64.435506,68.085436
"UBR-CA",20260703,544200.000000,151.166667,61.229441,65.552140,70.453582
"UBR-CA",20260703,544500.000000,151.250000,58.122608,66.877025,74.453582
"UBR-CA",20260703,544800.000000,151.333333,59.712829,67.383525,75.282527
"UBR-CA",20260703,545100.000000,151.416667,62.590867,67.440369,72.723141
"UBR-CA",20260703,545400.000000,151.500000,63.417145,68.473538,73.784497
"UBR-CA",20260703,545700.000000,151.583333,65.504047,69.245623,76.066445
"UBR-CA",20260703,546000.000000,151.666667,66.032141,69.491685,77.479325
"UBR-CA",20260703,546300.000000,151.750000,62.975212,68.511382,78.445851
"UBR-CA",20260703,546600.000000,151.833333,59.384747,65.681111,73.217573
"UBR-CA",20260703,546900.000000,151.916667,54.974679,63.584974,72.082626
"UBR-CA",20260703,547200.000000,152.000000,52.153416,61.311470,70.046378
"UBR-CA",20260703,547500.000000,152.083333,52.036613,59.759687,67.843241
"UBR-CA",20260703,547800.000000,152.166667,50.423340,57.087366,64.277472
"UBR-CA",20260703,548100.000000,152.250000,50.732718,56.170848,64.424524
"UBR-CA",20260703,548400.000000,152.333333,49.724528,55.325681,63.949684
"UBR-CA",20260703,548700.000000,152.416667,42.492810,52.654104,62.293923
"UBR-CA",20260703,549000.000000,152.500000,34.891841,49.703709,59.885212
"UBR-CA",20260703,549300.000000,152.583333,32.494070,47.779354,61.685392
"UBR-CA",20260703,549600.000000,152.666667,34.630555,46.082065,59.063468
"UBR-CA",20260703,549900.000000,152.750000,34.817427,42.733331,55.019421
"UBR-CA",20260703,550200.000000,152.833333,33.194753,41.159960,51.598099
"UBR-CA",20260703,550500.000000,152.916667,35.934035,39.852740,45.983746
"UBR-CA",20260703,550800.000000,153.000000,35.654184,36.612669,37.558547
"UBR-CA",20260703,551100.000000,153.083333,31.866922,33.420127,34.909699
"UBR-CA",20260703,551400.000000,153.166667,30.595866,32.590125,34.003808
"UBR-CA",20260703,551700.000000,153.250000,22.731663,29.039436,33.789531
"UBR-CA",20260703,552000.000000,153.333333,13.987408,23.840234,29.530399
"UBR-CA",20260703,552300.000000,153.416667,13.316198,19.841662,26.136857
"UBR-CA",20260703,552600.000000,153.500000,12.609475,15.889892,20.637376
"UBR-CA",20260703,552900.000000,153.583333,13.569582,25.407389,52.000000
"UBR-CA",20260703,553200.000000,153.666667,12.745444,26.654174,55.241630
"UBR-CA",20260703,553500.000000,153.750000,9.184590,27.595933,54.903218
"UBR-CA",20260703,553800.000000,153.833333,13.184590,27.862756,48.899853
"UBR-CA",20260703,554100.000000,153.916667,17.184590,27.406674,39.308791
"UBR-CA",20260703,554400.000000,154.000000,21.184590,28.069143,33.759463
"UBR-CA",20260703,554700.000000,154.083333,24.239266,28.293315,33.146703
"UBR-CA",20260703,555000.000000,154.166667,26.662408,28.858382,30.916868
"UBR-CA",20260703,555300.000000,154.250000,28.734139,31.178615,34.916868
"UBR-CA",20260703,555600.000000,154.333333,29.103208,33.497009,37.625735
"UBR-CA",20260703,555900.000000,154.416667,28.756623,33.495253,38.045224
"UBR-CA",20260703,556200.000000,154.500000,30.638669,34.282375,38.743845
"UBR-CA",20260703,556500.000000,154.583333,33.905767,36.223150,37.210171
"UBR-CA",20260703,556800.000000,154.666667,31.453973,36.947430,41.210171
"UBR-CA",20260703,557100.000000,154.750000,32.916507,38.507336,41.559737
"UBR-CA",20260703,557400.000000,154.833333,36.486722,40.131674,45.559737
"UBR-CA",20260703,557700.000000,154.916667,37.599339,40.354547,44.556125
"UBR-CA",20260703,558000.000000,155.000000,35.513573,40.623941,45.114532
"UBR-CA",20260703,558300.000000,155.083333,39.513573,42.208311,44.515750
"UBR-CA",20260703,558600.000000,155.166667,42.368223,43.218896,44.778940
"UBR-CA",20260703,558900.000000,155.250000,40.129424,43.988997,46.003919
"UBR-CA",20260703,559200.000000,155.333333,43.328205,46.713604,49.970087
"UBR-CA",20260703,559500.000000,155.416667,45.509850,48.653137,53.135618
"UBR-CA",20260703,559800.000000,155.500000,44.149312,48.640910,53.914232
"UBR-CA",20260703,560100.000000,155.583333,43.494171,50.162626,56.083580
"UBR-CA",20260703,560400.000000,155.666667,39.508668,49.992968,55.922072
"UBR-CA",20260703,560700.000000,155.750000,42.687291,50.671987,57.323517
"UBR-CA",20260703,561000.000000,155.833333,44.634137,51.496591,57.490803
"UBR-CA",20260703,561300.000000,155.916667,45.311064,51.653751,56.452553
"UBR-CA",20260703,561600.000000,156.000000,47.158314,51.642759,56.211996
"UBR-CA",20260703,561900.000000,156.083333,49.847408,52.707147,55.517738
"UBR-CA",20260703,562200.000000,156.166667,49.726659,53.810767,57.092176
"UBR-CA",20260703,562500.000000,156.250000,47.361870,52.902235,61.011047
"UBR-CA",20260703,562800.000000,156.333333,46.329981,53.308112,61.566854
"UBR-CA",20260703,563100.000000,156.416667,48.249733,55.739811,62.122126
"UBR-CA",20260703,563400.000000,156.500000,52.249733,57.384482,60.134011
"UBR-CA",20260703,563700.000000,156.583333,55.876081,58.573193,61.337602
"UBR-CA",20260703,564000.000000,156.666667,55.069006,57.999723,63.709892
"UBR-CA",20260703,564300.000000,156.750000,55.349298,58.799200,64.158657
"UBR-CA",20260703,564600.000000,156.833333,56.267173,60.004794,63.704121
"UBR-CA",20260703,564900.000000,156.916667,57.604054,61.019013,67.283439
"UBR-CA",20260703,565200.000000,157.000000,59.710801,62.278592,68.850089
"UBR-CA",20260703,565500.000000,157.083333,58.563861,63.494713,68.894888
"UBR-CA",20260703,565800.000000,157.166667,62.529883,65.412767,70.960127
"UBR-CA",20260703,566100.000000,157.250000,62.335742,66.676509,73.482443
"UBR-CA",20260703,566400.000000,157.333333,60.421276,66.707269,74.776865
"UBR-CA",20260703,566700.000000,157.416667,59.836732,66.518654,73.831741
"UBR-CA",20260703,567000.000000,157.500000,61.208550,67.368446,72.500183
"UBR-CA",20260703,567300.000000,157.583333,64.197388,70.853892,76.500183
"UBR-CA",20260703,567600.000000,157.666667,67.031814,73.199588,79.641512
"UBR-CA",20260703,567900.000000,157.750000,66.986114,74.759672,83.513985
"UBR-CA",20260703,568200.000000,157.833333,66.918349,75.616778,85.234043
"UBR-CA",20260703,568500.000000,157.916667,68.598144,77.125649,86.887277
"UBR-CA",20260703,568800.000000,158.000000,70.645352,78.786742,87.956176
"UBR-CA",20260703,569100.000000,158.083333,74.645352,81.590745,91.487526
"UBR-CA",20260703,569400.000000,158.166667,77.438052,84.554568,92.813156
"UBR-CA",20260703,569700.000000,158.250000,79.356400,85.745208,91.046246
"UBR-CA",20260703,570000.000000,158.333333,80.780307,86.759404,91.920713
"UBR-CA",20260703,570300.000000,158.416667,81.267484,86.056642,92.001270
"UBR-CA",20260703,570600.000000,158.500000,80.853110,86.464103,91.182724
"UBR-CA",20260703,570900.000000,158.583333,80.588823,87.396938,92.257173
"UBR-CA",20260703,571200.000000,158.666667,80.555061,88.359763,93.278282
"UBR-CA",20260703,571500.000000,158.750000,84.206044,89.329182,93.425502
"UBR-CA",20260703,571800.000000,158.833333,81.714490,88.650816,92.824142
"UBR-CA",20260703,572100.000000,158.916667,83.418030,89.428061,96.011998
"UBR-CA",20260703,572400.000000,159.000000,86.960237,90.802535,96.353312
"UBR-CA",20260703,572700.000000,159.083333,89.125278,91.131134,96.294119
"UBR-CA",20260703,573000.000000,159.166667,86.830996,92.399199,100.127540
"UBR-CA",20260703,573300.000000,159.250000,82.418563,92.180786,101.877766
"UBR-CA",20260703,573600.000000,159.333333,83.192318,92.547204,101.586606
"UBR-CA",20260703,573900.000000,159.416667,84.342179,93.666287,101.393422
"UBR-CA",20260703,574200.000000,159.500000,87.028758,94.622581,99.067440
"UBR-CA",20260703,574500.000000,159.583333,85.788738,94.872237,100.147765
"UBR-CA",20260703,574800.000000,159.666667,82.778230,93.873349,99.797755
"UBR-CA",20260703,575100.000000,159.750000,86.778230,94.343180,98.332055
"UBR-CA",20260703,575400.000000,159.833333,90.778230,94.353813,99.423349
"UBR-CA",20260703,575700.000000,159.916667,90.979359,94.634238,100.142785
"UBR-CA",20260703,576000.000000,160.000000,89.323196,95.530874,98.965254
"UBR-CA",20260703,576300.000000,160.083333,92.893024,97.274850,99.583012
"UBR-CA",20260703,576600.000000,160.166667,92.248778,97.606532,99.891309
"UBR-CA",20260703,576900.000000,160.250000,92.900356,99.588365,103.891309
"UBR-CA",20260703,577200.000000,160.333333,95.615997,102.456967,105.515383
"UBR-CA",20260703,577500.000000,160.416667,97.224201,104.176377,106.718154
"UBR-CA",20260703,577800.000000,160.500000,101.142818,106.156358,110.130248
"UBR-CA",20260703,578100.000000,160.583333,103.587770,108.627255,112.962947
"UBR-CA",20260703,578400.000000,160.666667,105.136918,110.140938,113.472929
"UBR-CA",20260703,578700.000000,160.750000,106.259813,111.287797,114.307303
"UBR-CA",20260703,579000.000000,160.833333,108.024303,112.948101,116.084985
"UBR-CA",20260703,579300.000000,160.916667,110.434664,115.653509,119.869222
"UBR-CA",20260703,579600.000000,161.000000,112.442692,116.673994,123.082882
"UBR-CA",20260703,579900.000000,161.083333,113.806315,118.315262,125.606283
"UBR-CA",20260703,580200.000000,161.166667,115.025301,119.895864,125.871631
"UBR-CA",20260703,580500.000000,161.250000,114.075949,121.955727,128.466468
"UBR-CA",20260703,580800.000000,161.333333,112.995206,123.169425,127.700651
"UBR-CA",20260703,581100.000000,161.416667,116.635602,125.363489,129.258555
"UBR-CA",20260703,581400.000000,161.500000,116.636491,126.663277,132.869211
"UBR-CA",20260703,581700.000000,161.583333,118.894448,129.355529,136.869211
"UBR-CA",20260703,582000.000000,161.666667,122.894448,131.164363,134.896613
"UBR-CA",20260703,582300.000000,161.750000,125.036747,132.728524,135.600653
"UBR-CA",20260703,582600.000000,161.833333,121.945205,132.369786,137.286801
"UBR-CA",20260703,582900.000000,161.916667,119.246735,133.087470,139.642243
"UBR-CA",20260703,583200.000000,162.000000,117.054214,134.495610,143.233879
"UBR-CA",20260703,583500.000000,162.083333,114.828069,134.950650,144.500545
"UBR-CA",20260703,583800.000000,162.166667,114.919323,135.698299,145.473290
"UBR-CA",20260703,584100.000000,162.250000,117.593809,138.521833,147.467553
"UBR-CA",20260703,584400.000000,162.333333,117.164613,139.350811,148.555496
"UBR-CA",20260703,584700.000000,162.416667,117.211217,140.240709,152.118214
"UBR-CA",20260703,585000.000000,162.500000,121.211217,141.268723,152.451409
"UBR-CA",20260703,585300.000000,162.583333,123.237221,142.947850,154.982435
"UBR-CA",20260703,585600.000000,162.666667,127.237221,143.669170,155.107342
"UBR-CA",20260703,585900.000000,162.750000,130.808325,145.025270,156.179211
"UBR-CA",20260703,586200.000000,162.833333,131.422551,147.777744,158.574881
"UBR-CA",20260703,586500.000000,162.916667,130.932557,149.338241,161.554153
"UBR-CA",20260703,586800.000000,163.000000,131.941884,151.068985,162.984116
"UBR-CA",20260703,587100.000000,163.083333,131.063722,152.257229,163.764957
"UBR-CA",20260703,587400.000000,163.166667,131.270995,153.919346,166.914081
"UBR-CA",20260703,587700.000000,163.250000,132.789236,155.895986,169.837847
"UBR-CA",20260703,588000.000000,163.333333,134.258462,157.556648,168.963511
"UBR-CA",20260703,588300.000000,163.416667,138.240503,160.372722,170.285196
"UBR-CA",20260703,588600.000000,163.500000,141.184658,162.514482,171.246581
"UBR-CA",20260703,588900.000000,163.583333,145.184658,164.806097,175.246581
"UBR-CA",20260703,589200.000000,163.666667,147.269995,166.820315,177.308274
"UBR-CA",20260703,589500.000000,163.750000,150.635709,170.056116,181.305966
"UBR-CA",20260703,589800.000000,163.833333,152.622440,172.903585,183.463766
"UBR-CA",20260703,590100.000000,163.916667,154.281530,175.301375,183.679203
"UBR-CA",20260703,590400.000000,164.000000,154.154118,175.980908,185.873481
"UBR-CA",20260703,590700.000000,164.083333,155.424086,177.566672,187.451185
"UBR-CA",20260703,591000.000000,164.166667,158.175711,178.891275,188.877230
"UBR-CA",20260703,591300.000000,164.250000,162.129828,180.479962,188.940310
"UBR-CA",20260703,591600.000000,164.333333,166.129828,181.972050,192.268625
"UBR-CA",20260703,591900.000000,164.416667,166.617929,183.408405,192.073982
"UBR-CA",20260703,592200.000000,164.500000,166.469894,184.346256,193.942088
"UBR-CA",20260703,592500.000000,164.583333,165.308847,185.706976,196.753938
"UBR-CA",20260703,592800.000000,164.666667,168.293153,186.108072,197.141696
"UBR-CA",20260703,593100.000000,164.750000,171.200668,187.081725,198.961727
"UBR-CA",20260703,593400.000000,164.833333,171.950608,186.865618,199.606466
"UBR-CA",20260703,593700.000000,164.916667,174.001808,187.824798,199.897972
"UBR-CA",20260703,594000.000000,165.000000,176.626495,188.458851,197.652141
"UBR-CA",20260703,594300.000000,165.083333,177.773249,188.268290,195.801612
"UBR-CA",20260703,594600.000000,165.166667,181.279324,190.009069,198.127289
"UBR-CA",20260703,594900.000000,165.250000,185.279324,191.607155,199.711729
"UBR-CA",20260703,595200.000000,165.333333,183.511814,191.546882,196.736696
"UBR-CA",20260703,595500.000000,165.416667,185.167050,191.235093,199.336405
"UBR-CA",20260703,595800.000000,165.500000,188.345543,191.346232,195.870361
"UBR-CA",20260703,596100.000000,165.583333,187.562802,191.943308,195.292475
"UBR-CA",20260703,596400.000000,165.666667,188.858477,191.824623,195.315331
"UBR-CA",20260703,596700.000000,165.750000,189.303325,192.137297,197.163977
"UBR-CA",20260703,597000.000000,165.833333,190.940157,193.530612,197.967331
"UBR-CA",20260703,597300.000000,165.916667,193.002529,196.069135,200.234813
"UBR-CA",20260703,597600.000000,166.000000,193.440650,198.112498,203.319973
"UBR-CA",20260703,597900.000000,166.083333,192.621484,198.549211,204.145213
"UBR-CA",20260703,598200.000000,166.166667,192.271990,198.586227,207.887224
"UBR-CA",20260703,598500.000000,166.250000,191.612966,198.653420,211.887224
"UBR-CA",20260703,598800.000000,166.333333,189.507684,199.556532,214.438988
"UBR-CA",20260703,599100.000000,166.416667,190.095520,200.113707,214.714855
"UBR-CA",20260703,599400.000000,166.500000,192.782193,198.700915,213.396327
"UBR-CA",20260703,599700.000000,166.583333,191.705353,197.338112,209.040341
"UBR-CA",20260703,600000.000000,166.666667,190.335768,196.304628,204.890423
"UBR-CA",20260703,600300.000000,166.750000,188.501585,195.323178,202.599484
"UBR-CA",20260703,600600.000000,166.833333,188.847543,195.279329,198.429055
"UBR-CA",20260703,600900.000000,166.916667,186.995372,197.039641,201.553935
"UBR-CA",20260703,601200.000000,167.000000,183.280528,197.550813,205.028652
"UBR-CA",20260703,601500.000000,167.083333,181.986871,197.576753,207.340397
"UBR-CA",20260703,601800.000000,167.166667,198.795643,201.639953,205.828144
"UBR-CA",20260703,602100.000000,167.250000,191.958571,198.683058,202.800837
"UBR-CA",20260703,602400.000000,167.333333,185.535428,196.727544,205.253368
"UBR-CA",20260703,602700.000000,167.416667,180.843840,194.111052,203.784428
"UBR-CA",20260703,603000.000000,167.500000,175.555589,190.223393,199.816692
"UBR-CA",20260703,603300.000000,167.583333,168.226348,185.106182,194.686951
"UBR-CA",20260703,603600.000000,167.666667,164.727485,180.909135,189.086111
"UBR-CA",20260703,603900.000000,167.750000,161.345497,176.034673,184.136299
"UBR-CA",20260703,604200.000000,167.833333,154.745565,171.262975,182.406412
"UBR-CA",20260703,604500.000000,167.916667,154.300550,167.493264,177.025123
"UBR-CA",20260703,604800.000000,168.000000,155.747590,165.961868,173.476948
"UBR-CA",20260703,605100.000000,168.083333,159.747590,164.801496,170.450661
"UBR-CA",20260703,605400.000000,168.166667,158.792235,163.722729,171.794431
"UBR-CA",20260703,605700.000000,168.250000,156.164771,161.537986,170.474240
"UBR-CA",20260703,606000.000000,168.333333,149.181457,157.823174,167.332276
"UBR-CA",20260703,606300.000000,168.416667,146.975593,153.360746,160.690686
"UBR-CA",20260703,606600.000000,168.500000,146.832367,150.359366,157.330214
"UBR-CA",20260703,606900.000000,168.583333,144.686520,147.728274,152.064867
"UBR-CA",20260703,607200.000000,168.666667,138.472214,144.452625,150.320362
"UBR-CA",20260703,607500.000000,168.750000,132.338692,142.282441,150.671707
"UBR-CA",20260703,607800.000000,168.833333,132.391765,140.946560,148.270708
"UBR-CA",20260703,608100.000000,168.916667,134.227273,140.564570,145.549267
"UBR-CA",20260703,608400.000000,169.000000,135.745066,141.133265,144.962812
"UBR-CA",20260703,608700.000000,169.083333,132.049525,138.585761,144.031677
"UBR-CA",20260703,609000.000000,169.166667,126.485963,134.286534,140.394711
"UBR-CA",20260703,609300.000000,169.250000,123.368427,130.350356,136.245865
"UBR-CA",20260703,609600.000000,169.333333,120.848625,125.112366,129.320950
"UBR-CA",20260703,609900.000000,169.416667,115.653033,120.097977,126.538668
"UBR-CA",20260703,610200.000000,169.500000,109.309140,114.141360,121.775790
"UBR-CA",20260703,610500.000000,169.583333,106.056694,110.653065,117.258601
"UBR-CA",20260703,610800.000000,169.666667,105.637561,109.677689,115.751660
"UBR-CA",20260703,611100.000000,169.750000,104.190282,106.868633,108.898454
"UBR-CA",20260703,611400.000000,169.833333,101.557616,103.840170,106.730149
"UBR-CA",20260703,611700.000000,169.916667,101.145744,101.940133,103.000603
"UBR-CA",20260703,612000.000000,170.000000,95.980542,97.438391,99.279499
"UBR-CA",20260703,612300.000000,170.083333,90.059159,92.858285,94.507390
"UBR-CA",20260703,612600.000000,170.166667,87.197681,89.337852,92.543299
"UBR-CA",20260703,612900.000000,170.250000,77.894996,84.004478,88.208798
"UBR-CA",20260703,613200.000000,170.333333,66.923529,78.555956,86.697184
"UBR-CA",20260703,613500.000000,170.416667,67.224237,74.508924,78.631268
"UBR-CA",20260703,613800.000000,170.500000,65.629481,70.161317,73.457024
"UBR-CA",20260703,614100.000000,170.583333,60.757551,65.690287,68.487629
"UBR-CA",20260703,614400.000000,170.666667,61.772407,65.073360,67.339457
"UBR-CA",20260703,614700.000000,170.750000,60.102650,61.913491,64.640044
"UBR-CA",20260703,615000.000000,170.833333,56.668608,59.335045,63.120284
"UBR-CA",20260703,615300.000000,170.916667,52.871972,57.092704,61.816626
"UBR-CA",20260703,615600.000000,171.000000,47.966935,54.850298,60.603653
"UBR-CA",20260703,615900.000000,171.083333,49.143457,52.424299,55.148999
"UBR-CA",20260703,616200.000000,171.166667,47.351790,48.004475,48.540464
"UBR-CA",20260703,616500.000000,171.250000,42.412496,44.262551,47.736345
"UBR-CA",20260703,616800.000000,171.333333,36.589791,40.400920,47.371393
"UBR-CA",20260703,617100.000000,171.416667,32.043498,37.417995,47.921039
"UBR-CA",20260703,617400.000000,171.500000,28.748007,34.706743,42.397667
"UBR-CA",20260703,617700.000000,171.583333,29.554998,33.135698,37.712836
"UBR-CA",20260703,618000.000000,171.666667,24.849965,30.852639,35.510612
"UBR-CA",20260703,618300.000000,171.750000,22.475895,28.240240,31.158079
"UBR-CA",20260703,618600.000000,171.833333,22.747549,26.418753,28.286971
"UBR-CA",20260703,618900.000000,171.916667,24.324556,25.272925,26.706340
"UBR-CA",20260703,619200.000000,172.000000,21.060141,22.886743,24.942302
"UBR-CA",20260703,619500.000000,172.083333,17.008211,19.320907,20.649974
"UBR-CA",20260703,619800.000000,172.166667,11.073676,14.260510,16.784799
"UBR-CA",20260703,620100.000000,172.250000,9.788320,22.833192,52.000000
"UBR-CA",20260703,620400.000000,172.333333,12.150391,23.831394,48.689398
"UBR-CA",20260703,620700.000000,172.416667,14.707121,25.096879,36.853001
"UBR-CA",20260703,621000.000000,172.500000,18.707121,23.155719,31.652617
"UBR-CA",20260703,621300.000000,172.583333,14.903826,20.144881,24.103815
"UBR-CA",20260703,621600.000000,172.666667,14.184691,26.457675,52.000000
"UBR-CA",20260703,621900.000000,172.750000,16.772398,27.997772,56.000000
"UBR-CA",20260703,622200.000000,172.833333,19.791104,29.875450,53.941310
"UBR-CA",20260703,622500.000000,172.916667,23.744548,31.106599,49.306048
"UBR-CA",20260703,622800.000000,173.000000,24.879869,29.800895,39.015058
"UBR-CA",20260703,623100.000000,173.083333,23.659836,27.428454,31.791104
"UBR-CA",20260703,623400.000000,173.166667,22.784755,28.171627,33.546644
"UBR-CA",20260703,623700.000000,173.250000,26.760295,30.624693,35.207850
"UBR-CA",20260703,624000.000000,173.333333,26.204638,31.365736,36.887734
"UBR-CA",20260703,624300.000000,173.416667,28.618078,32.930905,37.282552
"UBR-CA",20260703,624600.000000,173.500000,32.010021,33.608975,36.732353
"UBR-CA",20260703,624900.000000,173.583333,28.463361,33.594263,37.059239
"UBR-CA",20260703,625200.000000,173.666667,29.067735,36.103828,40.584345
"UBR-CA",20260703,625500.000000,173.750000,32.716996,38.114439,42.422731
"UBR-CA",20260703,625800.000000,173.833333,35.207830,39.597841,42.347398
"UBR-CA",20260703,626100.000000,173.916667,35.294391,40.522673,43.958404
"UBR-CA",20260703,626400.000000,174.000000,37.020491,42.292240,47.958404
"UBR-CA",20260703,626700.000000,174.083333,38.449037,43.023720,50.751867
"UBR-CA",20260703,627000.000000,174.166667,33.066776,41.781104,49.660720
"UBR-CA",20260703,627300.000000,174.250000,32.971574,40.786143,46.807767
"UBR-CA",20260703,627600.000000,174.333333,32.568046,39.557352,50.807767
"UBR-CA",20260703,627900.000000,174.416667,35.172084,40.267872,52.668178
"UBR-CA",20260703,628200.000000,174.500000,34.430384,42.002023,54.717650
"UBR-CA",20260703,628500.000000,174.583333,36.001737,44.055684,55.090318
"UBR-CA",20260703,628800.000000,174.666667,39.909694,46.979865,59.090318
"UBR-CA",20260703,629100.000000,174.750000,39.986375,48.200452,57.108205
"UBR-CA",20260703,629400.000000,174.833333,39.930444,48.940679,57.176303
"UBR-CA",20260703,629700.000000,174.916667,38.133178,49.259793,59.043101
"UBR-CA",20260703,630000.000000,175.000000,40.241318,49.609130,60.675588
"UBR-CA",20260703,630300.000000,175.083333,43.609398,50.564227,58.149485
"UBR-CA",20260703,630600.000000,175.166667,46.692519,52.274671,59.011505
"UBR-CA",20260703,630900.000000,175.250000,45.635797,52.753612,59.157181
"UBR-CA",20260703,631200.000000,175.333333,49.019672,54.267941,58.689527
"UBR-CA",20260703,631500.000000,175.416667,53.019672,56.271561,58.803534
"UBR-CA",20260703,631800.000000,175.500000,53.159796,57.407109,60.804780
"UBR-CA",20260703,632100.000000,175.583333,53.467697,58.494644,62.804250
"UBR-CA",20260703,632400.000000,175.666667,56.600392,59.120515,61.994519
"UBR-CA",20260703,632700.000000,175.750000,56.780269,61.451017,64.720595
"UBR-CA",20260703,633000.000000,175.833333,56.940453,62.882040,66.479422
"UBR-CA",20260703,633300.000000,175.916667,60.940453,65.005993,67.674874
"UBR-CA",20260703,633600.000000,176.000000,61.589589,65.987303,70.035386
"UBR-CA",20260703,633900.000000,176.083333,60.875498,67.035629,73.386910
"UBR-CA",20260703,634200.000000,176.166667,63.729467,69.930298,75.813922
"UBR-CA",20260703,634500.000000,176.250000,66.767199,72.556792,79.140877
"UBR-CA",20260703,634800.000000,176.333333,66.921175,74.275513,81.813876
"UBR-CA",20260703,635100.000000,176.416667,67.340950,76.774290,84.255492
"UBR-CA",20260703,635400.000000,176.500000,69.889455,78.146015,84.013614
"UBR-CA",20260703,635700.000000,176.583333,71.946641,77.638372,84.863249
"UBR-CA",20260703,636000.000000,176.666667,73.890060,78.368285,84.218900
"UBR-CA",20260703,636300.000000,176.750000,75.431911,80.080945,84.045960
"UBR-CA",20260703,636600.000000,176.833333,74.392835,81.302364,87.194142
"UBR-CA",20260703,636900.000000,176.916667,70.485677,81.305057,90.272560
"UBR-CA",20260703,637200.000000,177.000000,73.715032,82.328586,86.977562
"UBR-CA",20260703,637500.000000,177.083333,76.940498,83.207702,87.809070
"UBR-CA",20260703,637800.000000,177.166667,79.694163,84.026631,89.796913
"UBR-CA",20260703,638100.000000,177.250000,75.653533,83.847317,91.438566
"UBR-CA",20260703,638400.000000,177.333333,74.789886,84.240231,92.593461
"UBR-CA",20260703,638700.000000,177.416667,74.871368,84.912901,91.533331
"UBR-CA",20260703,639000.000000,177.500000,77.115059,85.558768,90.620344
"UBR-CA",20260703,639300.000000,177.583333,81.115059,86.648056,92.184151
"UBR-CA",20260703,639600.000000,177.666667,82.495004,86.950180,91.166528
"UBR-CA",20260703,639900.000000,177.750000,84.737243,88.282357,91.496014
"UBR-CA",20260703,640200.000000,177.833333,82.814987,89.060546,91.683277
"UBR-CA",20260703,640500.000000,177.916667,82.703625,89.843998,94.324506
"UBR-CA",20260703,640800.000000,178.000000,83.317172,90.424392,94.732807
"UBR-CA",20260703,641100.000000,178.083333,86.342378,91.481865,96.228972
"UBR-CA",20260703,641400.000000,178.166667,85.008360,92.812577,97.541409
"UBR-CA",20260703,641700.000000,178.250000,82.541373,93.573546,100.686400
"UBR-CA",20260703,642000.000000,178.333333,86.348886,95.169169,98.635635
"UBR-CA",20260703,642300.000000,178.416667,89.130339,98.376108,102.635635
"UBR-CA",20260703,642600.000000,178.500000,93.130339,101.508538,106.635635
"UBR-CA",20260703,642900.000000,178.583333,96.682282,103.997763,109.333959
"UBR-CA",20260703,643200.000000,178.666667,99.871879,105.780678,111.390378
"UBR-CA",20260703,643500.000000,178.750000,98.114787,105.662710,111.902100
"UBR-CA",20260703,643800.000000,178.833333,99.825292,106.754978,115.713191
"UBR-CA",20260703,644100.000000,178.916667,101.002381,108.471926,119.713191
"UBR-CA",20260703,644400.000000,179.000000,101.932351,111.160732,123.000076
"UBR-CA",20260703,644700.000000,179.083333,102.454030,111.953817,124.378207
"UBR-CA",20260703,645000.000000,179.166667,102.426406,112.672050,122.292384
"UBR-CA",20260703,645300.000000,179.250000,106.426406,115.082755,122.287331
"UBR-CA",20260703,645600.000000,179.333333,108.637195,117.027787,124.900620
"UBR-CA",20260703,645900.000000,179.416667,111.118570,118.319134,126.367603
"UBR-CA",20260703,646200.000000,179.500000,108.240585,118.096672,129.153737
"UBR-CA",20260703,646500.000000,179.583333,107.528276,118.889546,130.197711
"UBR-CA",20260703,646800.000000,179.666667,109.582903,119.351522,129.003324
"UBR-CA",20260703,647100.000000,179.750000,113.522259,120.065910,128.051859
"UBR-CA",20260703,647400.000000,179.833333,117.000632,121.991300,129.326326
"UBR-CA",20260703,647700.000000,179.916667,117.885096,124.060450,133.326326
"UBR-CA",20260703,648000.000000,180.000000,118.210711,125.877848,136.414268
"UBR-CA",20260703,648300.000000,180.083333,117.031360,126.238826,137.756484
"UBR-CA",20260703,648600.000000,180.166667,119.112317,127.859509,137.932861
"UBR-CA",20260703,648900.000000,180.250000,120.626285,129.584705,141.494651
"UBR-CA",20260703,649200.000000,180.333333,122.945548,132.352142,143.154390
"UBR-CA",20260703,649500.000000,180.416667,123.139536,134.105045,145.778812
"UBR-CA",20260703,649800.000000,180.500000,122.271126,135.023620,146.957448
"UBR-CA",20260703,650100.000000,180.583333,123.262691,135.391115,147.090508
"UBR-CA",20260703,650400.000000,180.666667,122.455601,136.052178,147.333653
"UBR-CA",20260703,650700.000000,180.750000,121.747296,136.533251,147.441012
"UBR-CA",20260703,651000.000000,180.833333,124.835681,138.174114,149.989742
"UBR-CA",20260703,651300.000000,180.916667,126.969991,139.269346,148.321536
"UBR-CA",20260703,651600.000000,181.000000,129.857004,140.349304,149.276544
"UBR-CA",20260703,651900.000000,181.083333,131.441064,142.297398,151.567950
"UBR-CA",20260703,652200.000000,181.166667,133.486880,144.165093,154.134758
"UBR-CA",20260703,652500.000000,181.250000,132.357214,143.955940,153.705036
"UBR-CA",20260703,652800.000000,181.333333,131.864001,144.063481,154.282638
"UBR-CA",20260703,653100.000000,181.416667,131.271661,144.871503,156.939732
"UBR-CA",20260703,653400.000000,181.500000,131.262235,145.740898,158.658325
"UBR-CA",20260703,653700.000000,181.583333,132.091573,146.069386,160.350889
"UBR-CA",20260703,654000.000000,181.666667,133.703679,147.326728,160.530912
"UBR-CA",20260703,654300.000000,181.750000,132.127414,148.423784,162.625697
"UBR-CA",20260703,654600.000000,181.833333,130.536021,149.889646,166.625697
"UBR-CA",20260703,654900.000000,181.916667,132.862413,152.088194,168.890841
"UBR-CA",20260703,655200.000000,182.000000,134.869391,153.355675,169.621095
"UBR-CA",20260703,655500.000000,182.083333,138.440706,153.417047,167.290575
"UBR-CA",20260703,655800.000000,182.166667,142.440706,153.218749,165.875154
"UBR-CA",20260703,656100.000000,182.250000,142.878377,153.782525,168.198758
"UBR-CA",20260703,656400.000000,182.333333,142.163892,153.813694,169.936846
"UBR-CA",20260703,656700.000000,182.416667,141.848609,153.213965,168.787883
"UBR-CA",20260703,657000.000000,182.500000,145.379838,154.198797,167.435938
"UBR-CA",20260703,657300.000000,182.583333,142.711339,146.844584,154.112644
"UBR-CA",20260703,657600.000000,182.666667,138.388968,144.043831,153.390464
"UBR-CA",20260703,657900.000000,182.750000,137.604736,141.807501,150.012363
"UBR-CA",20260703,658200.000000,182.833333,134.938936,139.620541,147.776184
"UBR-CA",20260703,658500.000000,182.916667,131.651781,137.045795,147.119985
"UBR-CA",20260703,658800.000000,183.000000,129.383249,134.122998,142.372221
"UBR-CA",20260703,659100.000000,183.083333,125.120461,130.174441,137.001325
"UBR-CA",20260703,659400.000000,183.166667,120.090777,126.772626,135.483259
"UBR-CA",20260703,659700.000000,183.250000,117.260953,122.472015,130.727667
"UBR-CA",20260703,660000.000000,183.333333,114.055925,120.541988,128.717685
"UBR-CA",20260703,660300.000000,183.416667,114.119164,118.625786,125.836742
"UBR-CA",20260703,660600.000000,183.500000,113.098911,116.617870,122.590293
"UBR-CA",20260703,660900.000000,183.583333,112.723543,115.697821,118.965569
"UBR-CA",20260703,661200.000000,183.666667,113.071953,115.814955,117.687038
"UBR-CA",20260703,661500.000000,183.750000,111.466638,113.962157,116.456924
"UBR-CA",20260703,661800.000000,183.833333,108.244187,111.667778,115.461636
"UBR-CA",20260703,662100.000000,183.916667,103.366490,107.593925,114.675340
"UBR-CA",20260703,662400.000000,184.000000,97.202994,104.800670,112.852028
"UBR-CA",20260703,662700.000000,184.083333,92.776264,101.568629,109.821308
"UBR-CA",20260703,663000.000000,184.166667,93.442242,98.584613,105.993639
"UBR-CA",20260703,663300.000000,184.250000,88.876785,93.070896,99.886093
"UBR-CA",20260703,663600.000000,184.333333,84.749245,89.765687,97.208461
"UBR-CA",20260703,663900.000000,184.416667,82.812802,88.280307,95.842426
"UBR-CA",20260703,664200.000000,184.500000,73.526433,84.497485,94.057202
"UBR-CA",20260703,664500.000000,184.583333,68.224594,81.375007,90.829686
"UBR-CA",20260703,664800.000000,184.666667,69.535040,79.931435,88.508975
"UBR-CA",20260703,665100.000000,184.750000,70.164278,78.015332,85.075967
"UBR-CA",20260703,665400.000000,184.833333,67.431548,75.862665,80.726831
"UBR-CA",20260703,665700.000000,184.916667,61.947591,72.991280,78.816507
"UBR-CA",20260703,666000.000000,185.000000,57.936115,71.570118,79.064519
"UBR-CA",20260703,666300.000000,185.083333,59.928838,69.698589,75.958457
"UBR-CA",20260703,666600.000000,185.166667,62.087530,66.877306,69.531326
"UBR-CA",20260703,666900.000000,185.250000,62.027881,65.049767,67.294560
"UBR-CA",20260703,667200.000000,185.333333,59.730005,62.403646,66.485945
"UBR-CA",20260703,667500.000000,185.416667,55.629989,58.859958,62.942986
"UBR-CA",20260703,667800.000000,185.500000,53.348231,57.989956,60.893424
"UBR-CA",20260703,668100.000000,185.583333,51.821081,55.095011,60.300722
"UBR-CA",20260703,668400.000000,185.666667,45.829518,50.603622,56.676031
"UBR-CA",20260703,668700.000000,185.750000,42.702319,46.108524,50.280340
"UBR-CA",20260703,669000.000000,185.833333,40.678855,43.766949,49.425566
"UBR-CA",20260703,669300.000000,185.916667,37.794783,42.157170,49.709007
"UBR-CA",20260703,669600.000000,186.000000,37.137178,40.897226,46.544058
"UBR-CA",20260703,669900.000000,186.083333,34.292592,38.667667,41.512534
"UBR-CA",20260703,670200.000000,186.166667,33.638927,37.697994,42.817353
"UBR-CA",20260703,670500.000000,186.250000,27.991167,34.368575,43.611293
"UBR-CA",20260703,670800.000000,186.333333,18.817719,31.194120,43.899000
"UBR-CA",20260703,671100.000000,186.416667,14.911340,28.663120,39.263153
"UBR-CA",20260703,671400.000000,186.500000,9.135960,24.463820,36.410872
"UBR-CA",20260703,671700.000000,186.583333,13.135960,21.834901,26.358940
"UBR-CA",20260703,672000.000000,186.666667,14.072683,19.376166,24.849137
"UBR-CA",20260703,672300.000000,186.750000,12.911232,15.579845,18.264454
"UBR-CA",20260703,672600.000000,186.833333,12.603252,24.106171,52.000000
"UBR-CA",20260703,672900.000000,186.916667,13.252132,25.965764,55.965649
"UBR-CA",20260703,673200.000000,187.000000,14.919042,27.374640,55.164768
"UBR-CA",20260703,673500.000000,187.083333,17.576814,28.567216,51.108969
"UBR-CA",20260703,673800.000000,187.166667,21.576814,30.456655,48.519497
"UBR-CA",20260703,674100.000000,187.250000,25.433589,31.010101,40.332810
"UBR-CA",20260703,674400.000000,187.333333,27.897591,31.188890,39.278748
"UBR-CA",20260703,674700.000000,187.416667,23.504188,31.695840,37.699949
"UBR-CA",20260703,675000.000000,187.500000,27.504188,33.553251,37.433589
"UBR-CA",20260703,675300.000000,187.583333,31.277676,34.551054,37.676206
"UBR-CA",20260703,675600.000000,187.666667,34.321897,36.885969,41.676206
"UBR-CA",20260703,675900.000000,187.750000,34.997284,38.834408,45.676206
"UBR-CA",20260703,676200.000000,187.833333,30.308628,38.835257,48.920659
"UBR-CA",20260703,676500.000000,187.916667,34.308628,41.279875,49.552105
"UBR-CA",20260703,676800.000000,188.000000,37.201407,43.829257,51.533874
"UBR-CA",20260703,677100.000000,188.083333,39.532976,45.240760,51.403660
"UBR-CA",20260703,677400.000000,188.166667,40.680515,45.198610,49.352884
"UBR-CA",20260703,677700.000000,188.250000,43.070086,44.382485,46.709899
"UBR-CA",20260703,678000.000000,188.333333,39.974714,43.872965,48.546498
"UBR-CA",20260703,678300.000000,188.416667,42.783659,44.520644,46.909603
"UBR-CA",20260703,678600.000000,188.500000,36.942138,44.512851,48.254147
"UBR-CA",20260703,678900.000000,188.583333,32.176648,44.235122,49.499614
"UBR-CA",20260703,679200.000000,188.666667,29.427206,44.629544,52.081493
"UBR-CA",20260703,679500.000000,188.750000,30.362085,44.281633,54.467073
"UBR-CA",20260703,679800.000000,188.833333,33.817871,45.126181,54.425575
"UBR-CA",20260703,680100.000000,188.916667,37.817871,45.157595,51.164385
"UBR-CA",20260703,680400.000000,189.000000,41.817871,46.652461,50.702644
"UBR-CA",20260703,680700.000000,189.083333,44.054539,46.937574,50.257636
"UBR-CA",20260703,681000.000000,189.166667,43.991890,48.186337,53.837102
"UBR-CA",20260703,681300.000000,189.250000,45.331291,49.175150,52.338008
"UBR-CA",20260703,681600.000000,189.333333,47.867218,49.558859,52.687545
"UBR-CA",20260703,681900.000000,189.416667,48.512951,50.373533,52.135390
"UBR-CA",20260703,682200.000000,189.500000,47.817487,50.977285,54.210855
"UBR-CA",20260703,682500.000000,189.583333,49.145954,52.677350,57.281363
"UBR-CA",20260703,682800.000000,189.666667,51.800770,54.119995,57.085070
"UBR-CA",20260703,683100.000000,189.750000,51.186890,55.173605,58.051075
"UBR-CA",20260703,683400.000000,189.833333,50.371193,55.813633,61.145954
"UBR-CA",20260703,683700.000000,189.916667,53.754016,56.438103,59.684537
"UBR-CA",20260703,684000.000000,190.000000,54.250137,55.625707,58.621519
"UBR-CA",20260703,684300.000000,190.083333,54.861221,57.363703,59.757845
"UBR-CA",20260703,684600.000000,190.166667,58.861221,60.490756,61.699122
"UBR-CA",20260703,684900.000000,190.250000,62.534301,63.284107,64.383241
"UBR-CA",20260703,685200.000000,190.333333,60.236926,65.164684,67.502982
"UBR-CA",20260703,685500.000000,190.416667,56.930654,66.677787,71.502982
"UBR-CA",20260703,685800.000000,190.500000,56.310622,68.535444,75.502982
"UBR-CA",20260703,686100.000000,190.583333,55.570995,69.162164,76.066724
"UBR-CA",20260703,686400.000000,190.666667,58.616871,70.945526,78.195491
"UBR-CA",20260703,686700.000000,190.750000,59.865415,72.191176,80.834334
"UBR-CA",20260703,687000.000000,190.833333,63.865415,74.470811,81.734393
"UBR-CA",20260703,687300.000000,190.916667,67.640903,75.350604,82.127006
"UBR-CA",20260703,687600.000000,191.000000,70.025571,76.000847,78.985365
"UBR-CA",20260703,687900.000000,191.083333,65.293802,75.046951,78.879607
"UBR-CA",20260703,688200.000000,191.166667,63.676778,76.164826,81.983204
"UBR-CA",20260703,688500.000000,191.250000,65.893401,76.913252,82.789171
"UBR-CA",20260703,688800.000000,191.333333,69.893401,77.357508,81.561008
"UBR-CA",20260703,689100.000000,191.416667,71.549831,78.140938,83.485258
"UBR-CA",20260703,689400.000000,191.500000,75.549831,79.331377,85.168678
"UBR-CA",20260703,689700.000000,191.583333,75.951080,80.505146,88.540862
"UBR-CA",20260703,690000.000000,191.666667,77.355830,80.552288,86.189928
"UBR-CA",20260703,690300.000000,191.750000,76.457000,82.374765,86.443645
"UBR-CA",20260703,690600.000000,191.833333,76.127339,85.266317,90.443645
"UBR-CA",20260703,690900.000000,191.916667,78.522453,87.550957,94.443645
"UBR-CA",20260703,691200.000000,192.000000,79.635278,88.972294,95.942995
"UBR-CA",20260703,691500.000000,192.083333,81.011204,90.583874,97.236708
"UBR-CA",20260703,691800.000000,192.166667,81.289336,92.707421,101.236708
"UBR-CA",20260703,692100.000000,192.250000,85.289336,94.410501,103.515448
"UBR-CA",20260703,692400.000000,192.333333,89.289336,96.053248,106.503066
"UBR-CA",20260703,692700.000000,192.416667,89.105390,97.200871,108.348005
"UBR-CA",20260703,693000.000000,192.500000,90.052312,98.855220,108.269943
"UBR-CA",20260703,693300.000000,192.583333,93.894326,100.449789,108.981126
"UBR-CA",20260703,693600.000000,192.666667,97.894326,102.871315,110.420796
"UBR-CA",20260703,693900.000000,192.750000,98.962815,104.480749,113.201980
"UBR-CA",20260703,694200.000000,192.833333,99.034321,106.122302,115.425344
"UBR-CA",20260703,694500.000000,192.916667,100.966304,106.572109,115.351328
"UBR-CA",20260703,694800.000000,193.000000,99.194176,106.850944,113.228673
"UBR-CA",20260703,695100.000000,193.083333,100.656944,106.706587,113.229662
"UBR-CA",20260703,695400.000000,193.166667,98.882217,107.639043,116.922001
"UBR-CA",20260703,695700.000000,193.250000,94.557187,108.890437,120.449481
"UBR-CA",20260703,696000.000000,193.333333,98.557187,110.636113,118.794310
"UBR-CA",20260703,696300.000000,193.416667,102.557187,111.223096,120.513800
"UBR-CA",20260703,696600.000000,193.500000,106.314094,111.999581,120.041243
"UBR-CA",20260703,696900.000000,193.583333,106.665923,112.265860,119.162958
"UBR-CA",20260703,697200.000000,193.666667,107.312893,112.539785,117.993117
"UBR-CA",20260703,697500.000000,193.750000,109.335239,115.016007,121.537118
"UBR-CA",20260703,697800.000000,193.833333,109.632087,115.003599,121.974199
"UBR-CA",20260703,698100.000000,193.916667,109.255234,115.964418,124.396247
"UBR-CA",20260703,698400.000000,194.000000,111.436692,116.925335,127.926486
"UBR-CA",20260703,698700.000000,194.083333,110.011744,117.340111,131.604927
"UBR-CA",20260703,699000.000000,194.166667,105.952696,115.522135,127.698203
"UBR-CA",20260703,699300.000000,194.250000,109.118365,116.060229,125.560015
"UBR-CA",20260703,699600.000000,194.333333,110.745562,117.490365,123.641117
"UBR-CA",20260703,699900.000000,194.416667,114.745562,119.073837,121.728325
"UBR-CA",20260703,700200.000000,194.500000,118.059265,121.438738,125.728325
"UBR-CA",20260703,700500.000000,194.583333,112.801056,122.180727,129.728325
"UBR-CA",20260703,700800.000000,194.666667,111.853633,122.307035,133.391962
"UBR-CA",20260703,701100.000000,194.750000,115.713459,122.703414,136.509365
"UBR-CA",20260703,701400.000000,194.833333,116.192474,123.504857,137.194399
"UBR-CA",20260703,701700.000000,194.916667,115.483367,124.899879,138.901104
"UBR-CA",20260703,702000.000000,195.000000,113.238068,124.641515,137.630902
"UBR-CA",20260703,702300.000000,195.083333,112.210701,124.622144,135.158442
"UBR-CA",20260703,702600.000000,195.166667,115.798964,124.908047,131.889463
"UBR-CA",20260703,702900.000000,195.250000,119.798964,125.100620,130.544782
"UBR-CA",20260703,703200.000000,195.333333,121.982077,126.933324,133.162504
"UBR-CA",20260703,703500.000000,195.416667,123.522198,129.504234,135.257380
"UBR-CA",20260703,703800.000000,195.500000,126.741580,132.016933,136.846008
"UBR-CA",20260703,704100.000000,195.583333,128.842118,133.709438,139.257934
"UBR-CA",20260703,704400.000000,195.666667,128.525876,134.687790,140.069392
"UBR-CA",20260703,704700.000000,195.750000,129.242807,134.247617,139.417066
"UBR-CA",20260703,705000.000000,195.833333,129.997623,135.645855,141.165035
"UBR-CA",20260703,705300.000000,195.916667,130.627016,137.847883,145.026025
"UBR-CA",20260703,705600.000000,196.000000,130.273790,138.565165,147.413170
"UBR-CA",20260703,705900.000000,196.083333,130.891672,139.862083,148.568657
"UBR-CA",20260703,706200.000000,196.166667,133.213082,140.795352,150.150228
"UBR-CA",20260703,706500.000000,196.250000,134.622664,141.567775,151.516413
"UBR-CA",20260703,706800.000000,196.333333,137.587584,142.569084,151.295172
"UBR-CA",20260703,707100.000000,196.416667,137.966763,142.482029,150.040939
"UBR-CA",20260703,707400.000000,196.500000,140.210241,143.729289,151.627005
"UBR-CA",20260703,707700.000000,196.583333,138.681846,143.999579,151.068253
"UBR-CA",20260703,708000.000000,196.666667,136.810990,143.756523,149.213909
"UBR-CA",20260703,708300.000000,196.750000,138.898357,145.369497,150.450325
"UBR-CA",20260703,708600.000000,196.833333,139.411436,146.993955,151.677572
"UBR-CA",20260703,708900.000000,196.916667,140.805243,149.184921,155.559594
"UBR-CA",20260703,709200.000000,197.000000,144.805243,151.846273,159.559594
"UBR-CA",20260703,709500.000000,197.083333,147.874300,154.613975,162.681736
"UBR-CA",20260703,709800.000000,197.166667,151.170420,155.436779,162.113671
"UBR-CA",20260703,710100.000000,197.250000,153.670549,157.457267,164.321955
"UBR-CA",20260703,710400.000000,197.333333,156.107438,159.047538,164.979667
"UBR-CA",20260703,710700.000000,197.416667,156.506035,159.455180,165.401275
"UBR-CA",20260703,711000.000000,197.500000,155.629046,160.000249,165.363668
"UBR-CA",20260703,711300.000000,197.583333,154.569744,161.020568,165.885878
"UBR-CA",20260703,711600.000000,197.666667,149.138779,161.739615,169.078082
"UBR-CA",20260703,711900.000000,197.750000,147.196671,163.349486,172.492673
"UBR-CA",20260703,712200.000000,197.833333,149.433189,166.608396,176.492673
"UBR-CA",20260703,712500.000000,197.916667,153.401129,169.045862,177.142365
"UBR-CA",20260703,712800.000000,198.000000,154.759662,170.211795,176.705182
"UBR-CA",20260703,713100.000000,198.083333,155.535567,171.718248,178.935566
"UBR-CA",20260703,713400.000000,198.166667,156.530908,172.766615,181.237830
"UBR-CA",20260703,713700.000000,198.250000,159.310528,173.857823,185.237830
"UBR-CA",20260703,714000.000000,198.333333,162.963843,176.223364,189.030565
"UBR-CA",20260703,714300.000000,198.416667,165.577307,178.563062,193.010340
"UBR-CA",20260703,714600.000000,198.500000,166.158458,179.504252,192.516382
"UBR-CA",20260703,714900.000000,198.583333,165.773917,180.073538,191.527806
"UBR-CA",20260703,715200.000000,198.666667,167.015202,181.772767,194.402325
"UBR-CA",20260703,715500.000000,198.750000,170.757558,183.134419,197.252634
"UBR-CA",20260703,715800.000000,198.833333,174.757558,184.191524,199.505981
"UBR-CA",20260703,716100.000000,198.916667,171.357573,184.684186,198.982291
"UBR-CA",20260703,716400.000000,199.000000,171.705456,186.157940,201.448779
"UBR-CA",20260703,716700.000000,199.083333,174.457387,186.769237,200.980564
"UBR-CA",20260703,717000.000000,199.166667,177.794139,187.719773,204.123638
"UBR-CA",20260703,717300.000000,199.250000,180.148834,189.242835,205.771806
"UBR-CA",20260703,717600.000000,199.333333,181.927145,190.666791,206.360152
"UBR-CA",20260703,717900.000000,199.416667,182.742986,191.318724,209.424535
"UBR-CA",20260703,718200.000000,199.500000,182.351367,193.109480,213.424535
"UBR-CA",20260703,718500.000000,199.583333,185.732249,196.376182,217.424535
"UBR-CA",20260703,718800.000000,199.666667,184.139788,197.926706,221.424535
"UBR-CA",20260703,719100.000000,199.750000,183.884605,199.784144,223.856478
"UBR-CA",20260703,719400.000000,199.833333,183.802871,201.207840,224.169889
"UBR-CA",20260703,719700.000000,199.916667,183.995801,201.799135,223.727339
"UBR-CA",20260703,720000.000000,200.000000,185.753868,202.419243,223.574714
"UBR-CA",20260703,720300.000000,200.083333,189.753868,203.079938,223.459339
"UBR-CA",20260703,720600.000000,200.166667,193.562013,202.712019,223.200385
"UBR-CA",20260703,720900.000000,200.250000,194.413974,202.687430,222.789586
"UBR-CA",20260703,721200.000000,200.333333,196.997885,203.442314,220.768287
"UBR-CA",20260703,721500.000000,200.416667,196.605397,204.051986,220.074416
"UBR-CA",20260703,721800.000000,200.500000,196.495558,204.011820,220.626108
"UBR-CA",20260703,722100.000000,200.583333,196.124295,205.926538,221.620594
"UBR-CA",20260703,722400.000000,200.666667,194.179675,207.357637,221.289611
"UBR-CA",20260703,722700.000000,200.750000,195.831843,207.958749,217.335304
"UBR-CA",20260703,723000.000000,200.833333,196.786419,208.258845,217.988354
"UBR-CA",20260703,723300.000000,200.916667,200.483793,208.988822,216.910874
"UBR-CA",20260703,723600.000000,201.000000,204.115553,208.361460,213.953649
"UBR-CA",20260703,723900.000000,201.083333,200.401061,207.695781,214.148510
"UBR-CA",20260703,724200.000000,201.166667,201.600530,208.221742,216.393587
"UBR-CA",20260703,724500.000000,201.250000,204.658133,210.126253,216.699730
"UBR-CA",20260703,724800.000000,201.333333,205.249987,211.111709,216.131896
"UBR-CA",20260703,725100.000000,201.416667,206.473073,213.330507,218.171494
"UBR-CA",20260703,725400.000000,201.500000,205.498394,212.396910,216.840149
"UBR-CA",20260703,725700.000000,201.583333,203.914265,211.854316,216.236407
"UBR-CA",20260703,726000.000000,201.666667,206.497764,214.854154,219.292284
"UBR-CA",20260703,726300.000000,201.750000,207.566846,217.634728,223.214147
"UBR-CA",20260703,726600.000000,201.833333,208.620464,218.906734,226.457443
"UBR-CA",20260703,726900.000000,201.916667,211.277584,219.714230,229.042565
"UBR-CA",20260703,727200.000000,202.000000,214.802518,221.627217,229.588180
"UBR-CA",20260703,727500.000000,202.083333,218.789917,224.009967,231.522726
"UBR-CA",20260703,727800.000000,202.166667,220.843939,225.948683,232.136421
"UBR-CA",20260703,728100.000000,202.250000,221.744291,228.468916,233.615505
"UBR-CA",20260703,728400.000000,202.333333,221.628604,229.857148,237.094014
"UBR-CA",20260703,728700.000000,202.416667,222.455973,231.561539,240.206646
"UBR-CA",20260703,729000.000000,202.500000,226.006578,234.363300,241.477819
"UBR-CA",20260703,729300.000000,202.583333,226.323972,235.905151,243.071930
"UBR-CA",20260703,729600.000000,202.666667,227.168628,232.602186,236.921249
"UBR-CA",20260703,729900.000000,202.750000,228.122825,230.404715,234.389995
"UBR-CA",20260703,730200.000000,202.833333,221.618229,227.996083,233.706732
"UBR-CA",20260703,730500.000000,202.916667,216.504152,225.021446,232.448694
"UBR-CA",20260703,730800.000000,203.000000,212.421138,219.907595,227.893127
"UBR-CA",20260703,731100.000000,203.083333,208.983608,215.295585,223.894401
"UBR-CA",20260703,731400.000000,203.166667,202.443089,210.425216,221.139785
"UBR-CA",20260703,731700.000000,203.250000,204.076497,209.399331,219.676108
"UBR-CA",20260703,732000.000000,203.333333,203.288008,209.451871,217.515087
"UBR-CA",20260703,732300.000000,203.416667,197.498319,207.880797,217.110169
"UBR-CA",20260703,732600.000000,203.500000,195.197036,205.432830,217.534814
"UBR-CA",20260703,732900.000000,203.583333,190.002329,201.049184,211.692551
"UBR-CA",20260703,733200.000000,203.666667,187.742478,197.178811,204.183118
"UBR-CA",20260703,733500.000000,203.750000,187.052011,194.628958,199.996196
"UBR-CA",20260703,733800.000000,203.833333,187.807893,194.590843,198.831233
"UBR-CA",20260703,734100.000000,203.916667,186.954226,196.345619,202.346997
"UBR-CA",20260703,734400.000000,204.000000,186.927127,196.383316,203.248840
"UBR-CA",20260703,734700.000000,204.083333,182.936185,193.802010,202.197702
"UBR-CA",20260703,735000.000000,204.166667,179.705203,191.589657,201.273021
"UBR-CA",20260703,735300.000000,204.250000,179.263612,188.929097,194.048368
"UBR-CA",20260703,735600.000000,204.333333,177.340458,184.871389,188.975176
"UBR-CA",20260703,735900.000000,204.416667,176.486288,182.242692,185.448629
"UBR-CA",20260703,736200.000000,204.500000,174.391751,177.594312,180.671988
"UBR-CA",20260703,736500.000000,204.583333,168.042207,172.995291,177.814803
"UBR-CA",20260703,736800.000000,204.666667,163.332914,170.525855,175.546834
"UBR-CA",20260703,737100.000000,204.750000,158.855089,168.269373,174.936124
"UBR-CA",20260703,737400.000000,204.833333,159.874941,167.533345,172.887598
"UBR-CA",20260703,737700.000000,204.916667,159.997200,166.351703,170.128402
"UBR-CA",20260703,738000.000000,205.000000,160.354538,165.002785,168.802697
"UBR-CA",20260703,738300.000000,205.083333,157.812755,163.041803,165.840285
"UBR-CA",20260703,738600.000000,205.166667,155.058201,160.998715,166.360756
"UBR-CA",20260703,738900.000000,205.250000,152.258318,158.445806,164.972271
"UBR-CA",20260703,739200.000000,205.333333,151.259745,156.116578,162.418355
"UBR-CA",20260703,739500.000000,205.416667,150.898011,154.811364,156.797780
"UBR-CA",20260703,739800.000000,205.500000,147.185541,151.043660,155.171506
"UBR-CA",20260703,740100.000000,205.583333,146.315920,147.934242,149.048171
"UBR-CA",20260703,740400.000000,205.666667,144.662238,146.080901,147.029550
"UBR-CA",20260703,740700.000000,205.750000,142.652366,145.476559,148.782493
"UBR-CA",20260703,741000.000000,205.833333,142.873552,145.575387,150.198981
"UBR-CA",20260703,741300.000000,205.916667,142.410809,146.624430,154.198981
"UBR-CA",20260703,741600.000000,206.000000,143.026389,147.389338,155.302342
"UBR-CA",20260703,741900.000000,206.083333,143.719609,147.734871,155.175981
"UBR-CA",20260703,742200.000000,206.166667,141.241203,144.916536,149.771840
"UBR-CA",20260703,742500.000000,206.250000,138.419379,140.802605,143.790577
"UBR-CA",20260703,742800.000000,206.333333,137.586231,139.687183,141.628901
"UBR-CA",20260703,743100.000000,206.416667,135.958778,139.004825,140.562748
"UBR-CA",20260703,743400.000000,206.500000,133.689468,137.581182,141.704408
"UBR-CA",20260703,743700.000000,206.583333,129.744958,135.675505,143.972386
"UBR-CA",20260703,744000.000000,206.666667,129.174410,132.852155,136.853215
"UBR-CA",20260703,744300.000000,206.750000,126.735893,129.996702,132.876145
"UBR-CA",20260703,744600.000000,206.833333,127.524292,127.930119,128.349054
"UBR-CA",20260703,744900.000000,206.916667,125.640170,128.081386,129.845993
"UBR-CA",20260703,745200.000000,207.000000,119.487181,125.281996,129.107204
"UBR-CA",20260703,745500.000000,207.083333,112.771891,122.719099,128.308573
"UBR-CA",20260703,745800.000000,207.166667,112.344892,120.984225,127.123040
"UBR-CA",20260703,746100.000000,207.250000,110.464450,119.152970,123.649299
"UBR-CA",20260703,746400.000000,207.333333,109.993561,114.490653,116.914717
"UBR-CA",20260703,746700.000000,207.416667,110.325358,111.380454,112.495549
"UBR-CA",20260703,747000.000000,207.500000,108.163305,109.171484,111.088089
"UBR-CA",20260703,747300.000000,207.583333,106.361004,106.720686,107.034478
"UBR-CA",20260703,747600.000000,207.666667,101.560376,103.267900,105.538284
"UBR-CA",20260703,747900.000000,207.750000,98.664760,101.416603,103.968385
"UBR-CA",20260703,748200.000000,207.833333,94.737627,98.596434,102.636514
"UBR-CA",20260703,748500.000000,207.916667,91.733756,96.669635,103.394893
"UBR-CA",20260703,748800.000000,208.000000,90.353830,97.352202,106.895819
"UBR-CA",20260703,749100.000000,208.083333,91.279702,98.269923,108.477553
"UBR-CA",20260703,749400.000000,208.166667,88.575657,97.755659,108.355643
"UBR-CA",20260703,749700.000000,208.250000,88.247030,95.814650,102.120395
"UBR-CA",20260703,750000.000000,208.333333,86.778773,92.867957,97.558402
"UBR-CA",20260703,750300.000000,208.416667,85.489857,88.361010,90.442732
"UBR-CA",20260703,750600.000000,208.500000,82.013675,84.783747,89.310990
"UBR-CA",20260703,750900.000000,208.583333,78.947116,83.070691,90.891851
"UBR-CA",20260703,751200.000000,208.666667,77.019371,81.008509,87.975621
"UBR-CA",20260703,751500.000000,208.750000,77.898208,80.603371,85.578235
"UBR-CA",20260703,751800.000000,208.833333,79.974885,80.666338,81.716295
"UBR-CA",20260703,752100.000000,208.916667,73.673150,77.754068,82.158496
"UBR-CA",20260703,752400.000000,209.000000,72.051855,76.815024,81.623198
"UBR-CA",20260703,752700.000000,209.083333,71.205731,75.048836,78.925246
"UBR-CA",20260703,753000.000000,209.166667,69.636558,72.781250,76.145112
"UBR-CA",20260703,753300.000000,209.250000,67.361986,69.313625,72.599385
"UBR-CA",20260703,753600.000000,209.333333,62.848608,66.663724,68.683734
"UBR-CA",20260703,753900.000000,209.416667,63.711886,66.978611,72.639455
"UBR-CA",20260703,754200.000000,209.500000,62.423268,66.878898,73.897906
"UBR-CA",20260703,754500.000000,209.583333,59.428986,65.769361,70.855372
"UBR-CA",20260703,754800.000000,209.666667,58.577872,63.969020,68.127384
"UBR-CA",20260703,755100.000000,209.750000,57.424234,62.426067,66.114777
"UBR-CA",20260703,755400.000000,209.833333,56.570853,61.201650,65.809209
"UBR-CA",20260703,755700.000000,209.916667,57.255441,59.919160,65.147087
"UBR-CA",20260703,756000.000000,210.000000,52.427647,56.619254,60.997647
"UBR-CA",20260703,756300.000000,210.083333,50.383085,52.485411,56.688990
"UBR-CA",20260703,756600.000000,210.166667,43.283926,47.476471,52.706474
"UBR-CA",20260703,756900.000000,210.250000,38.831323,44.742604,53.343304
"UBR-CA",20260703,757200.000000,210.333333,36.331532,41.434627,47.148337
"UBR-CA",20260703,757500.000000,210.416667,37.790247,40.079549,42.396705
"UBR-CA",20260703,757800.000000,210.500000,36.136419,39.167506,43.362474
"UBR-CA",20260703,758100.000000,210.583333,32.313450,36.190580,39.519224
"UBR-CA",20260703,758400.000000,210.666667,30.830201,33.856014,36.444502
"UBR-CA",20260703,758700.000000,210.750000,30.471720,31.398731,32.229492
"UBR-CA",20260703,759000.000000,210.833333,26.416384,28.779893,32.026476
"UBR-CA",20260703,759300.000000,210.916667,18.797921,24.388340,31.717545
"UBR-CA",20260703,759600.000000,211.000000,15.616612,21.066542,29.046844
"UBR-CA",20260703,759900.000000,211.083333,14.021504,18.640249,23.087209
"UBR-CA",20260703,760200.000000,211.166667,12.927608,17.602202,20.782966
"UBR-CA",20260703,760500.000000,211.250000,16.193836,17.608626,19.733306
"UBR-CA",20260703,760800.000000,211.333333,15.189370,16.313058,17.327563
"UBR-CA",20260703,761100.000000,211.416667,11.296973,24.299940,52.000000
"UBR-CA",20260703,761400.000000,211.500000,13.668786,25.761623,56.000000
"UBR-CA",20260703,761700.000000,211.583333,13.343653,28.459593,59.885297
"UBR-CA",20260703,762000.000000,211.666667,15.458401,29.943368,56.759429
"UBR-CA",20260703,762300.000000,211.750000,17.640224,30.927763,54.637922
"UBR-CA",20260703,762600.000000,211.833333,21.583175,33.573835,54.677215
"UBR-CA",20260703,762900.000000,211.916667,25.583175,36.091698,55.482346
"UBR-CA",20260703,763200.000000,212.000000,29.583175,38.210163,55.021413
"UBR-CA",20260703,763500.000000,212.083333,33.171658,39.986198,52.821954
"UBR-CA",20260703,763800.000000,212.166667,35.576117,42.765450,54.131757
"UBR-CA",20260703,764100.000000,212.250000,35.432221,43.917430,54.032497
"UBR-CA",20260703,764400.000000,212.333333,36.870900,44.887044,52.445616
"UBR-CA",20260703,764700.000000,212.416667,38.669138,45.224989,52.411301
"UBR-CA",20260703,765000.000000,212.500000,39.081090,45.584813,49.949346
"UBR-CA",20260703,765300.000000,212.583333,39.381995,45.832112,51.890307
"UBR-CA",20260703,765600.000000,212.666667,43.381995,46.069668,49.117487
"UBR-CA",20260703,765900.000000,212.750000,42.755248,45.953027,49.570835
"UBR-CA",20260703,766200.000000,212.833333,41.475811,46.726166,52.161897
"UBR-CA",20260703,766500.000000,212.916667,41.651104,49.054488,55.449323
"UBR-CA",20260703,766800.000000,213.000000,40.940516,50.706026,58.164041
"UBR-CA",20260703,767100.000000,213.083333,44.306273,50.545685,54.493486
"UBR-CA",20260703,767400.000000,213.166667,43.542425,49.697368,56.927216
"UBR-CA",20260703,767700.000000,213.250000,39.738607,50.133537,60.371992
"UBR-CA",20260703,768000.000000,213.333333,39.554636,50.541841,61.852925
"UBR-CA",20260703,768300.000000,213.416667,41.363490,51.893063,61.376449
"UBR-CA",20260703,768600.000000,213.500000,43.105316,53.388512,61.613413
"UBR-CA",20260703,768900.000000,213.583333,46.905801,54.590297,61.459395
"UBR-CA",20260703,769200.000000,213.666667,50.905801,55.374876,58.207713
"UBR-CA",20260703,769500.000000,213.750000,53.545609,58.077994,61.271878
"UBR-CA",20260703,769800.000000,213.833333,55.628343,59.266262,62.702711
"UBR-CA",20260703,770100.000000,213.916667,54.711031,58.947698,62.306127
"UBR-CA",20260703,770400.000000,214.000000,53.464840,59.691818,65.637213
"UBR-CA",20260703,770700.000000,214.083333,56.396358,62.001860,67.982010
"UBR-CA",20260703,771000.000000,214.166667,59.240727,64.796831,71.838223
"UBR-CA",20260703,771300.000000,214.250000,63.240727,68.005464,74.222942
"UBR-CA",20260703,771600.000000,214.333333,66.456398,70.462349,74.887203
"UBR-CA",20260703,771900.000000,214.416667,66.189106,71.386958,74.552870
"UBR-CA",20260703,772200.000000,214.500000,67.296606,72.073852,77.219558
"UBR-CA",20260703,772500.000000,214.583333,67.129540,73.435842,81.219558
"UBR-CA",20260703,772800.000000,214.666667,69.101432,75.808181,85.219558
"UBR-CA",20260703,773100.000000,214.750000,72.670092,77.982919,89.201186
"UBR-CA",20260703,773400.000000,214.833333,72.502994,78.896416,92.693618
"UBR-CA",20260703,773700.000000,214.916667,74.075862,81.380000,95.003468
"UBR-CA",20260703,774000.000000,215.000000,76.930682,83.628971,94.097571
"UBR-CA",20260703,774300.000000,215.083333,80.930682,85.811282,91.088372
"UBR-CA",20260703,774600.000000,215.166667,84.930682,88.579606,92.204389
"UBR-CA",20260703,774900.000000,215.250000,82.941038,89.690802,95.033134
"UBR-CA",20260703,775200.000000,215.333333,84.509499,91.314199,97.848949
"UBR-CA",20260703,775500.000000,215.416667,88.509499,92.974252,96.808423
"UBR-CA",20260703,775800.000000,215.500000,91.554393,95.737683,99.476381
"UBR-CA",20260703,776100.000000,215.583333,90.017901,97.534326,103.113984
"UBR-CA",20260703,776400.000000,215.666667,91.188864,98.795931,105.261963
"UBR-CA",20260703,776700.000000,215.750000,92.140412,100.035285,108.260988
"UBR-CA",20260703,777000.000000,215.833333,95.977799,101.989491,110.861750
"UBR-CA",20260703,777300.000000,215.916667,99.977799,104.372795,113.867105
"UBR-CA",20260703,777600.000000,216.000000,102.942656,106.042733,112.688277
"UBR-CA",20260703,777900.000000,216.083333,103.614987,107.501008,111.798571
"UBR-CA",20260703,778200.000000,216.166667,104.451530,108.473548,111.536437
"UBR-CA",20260703,778500.000000,216.250000,108.451530,111.178250,114.274590
"UBR-CA",20260703,778800.000000,216.333333,109.589079,113.497592,115.611375
"UBR-CA",20260703,779100.000000,216.416667,112.496436,116.111032,119.174902
"UBR-CA",20260703,779400.000000,216.500000,115.348494,119.368999,121.567568
"UBR-CA",20260703,779700.000000,216.583333,117.005576,120.500496,124.061900
"UBR-CA",20260703,780000.000000,216.666667,116.698078,120.418006,127.071947
"UBR-CA",20260703,780300.000000,216.750000,116.824983,122.619401,130.580060
"UBR-CA",20260703,780600.000000,216.833333,120.019981,124.380265,129.061515
"UBR-CA",20260703,780900.000000,216.916667,122.515685,125.375227,129.532497
"UBR-CA",20260703,781200.000000,217.000000,121.977269,126.052587,131.537701
"UBR-CA",20260703,781500.000000,217.083333,117.767272,126.908470,135.537701
"UBR-CA",20260703,781800.000000,217.166667,121.594634,128.122213,135.940627
"UBR-CA",20260703,782100.000000,217.250000,124.914190,130.635472,136.497412
"UBR-CA",20260703,782400.000000,217.333333,127.424555,133.952855,140.362333
"UBR-CA",20260703,782700.000000,217.416667,125.612138,134.753900,140.787449
"UBR-CA",20260703,783000.000000,217.500000,125.304595,135.558193,143.218382
"UBR-CA",20260703,783300.000000,217.583333,129.214062,137.648491,145.523996
"UBR-CA",20260703,783600.000000,217.666667,131.615401,139.468648,146.538069
"UBR-CA",20260703,783900.000000,217.750000,132.712327,140.711734,145.089036
"UBR-CA",20260703,784200.000000,217.833333,132.179732,141.291537,147.675456
"UBR-CA",20260703,784500.000000,217.916667,135.037765,141.677952,147.190314
"UBR-CA",20260703,784800.000000,218.000000,137.167819,141.860594,146.603359
"UBR-CA",20260703,785100.000000,218.083333,138.742504,143.478891,146.803838
"UBR-CA",20260703,785400.000000,218.166667,135.262424,140.524226,147.006294
"UBR-CA",20260703,785700.000000,218.250000,130.309651,136.728600,145.971786
"UBR-CA",20260703,786000.000000,218.333333,127.762233,132.322974,137.656535
"UBR-CA",20260703,786300.000000,218.416667,127.736953,130.013237,133.324379
"UBR-CA",20260703,786600.000000,218.500000,125.707762,126.772552,128.572089
"UBR-CA",20260703,786900.000000,218.583333,120.924348,124.240005,128.271143
"UBR-CA",20260703,787200.000000,218.666667,118.791311,123.133454,126.960777
"UBR-CA",20260703,787500.000000,218.750000,118.587807,122.064595,128.799707
"UBR-CA",20260703,787800.000000,218.833333,113.278384,119.312647,128.409542
"UBR-CA",20260703,788100.000000,218.916667,114.830339,119.192997,127.738491
"UBR-CA",20260703,788400.000000,219.000000,116.633549,120.871240,128.144062
"UBR-CA",20260703,788700.000000,219.083333,117.655893,121.275624,125.537431
"UBR-CA",20260703,789000.000000,219.166667,115.134644,121.335459,126.961799
"UBR-CA",20260703,789300.000000,219.250000,118.020145,122.970271,128.786192
"UBR-CA",20260703,789600.000000,219.333333,120.816370,124.255464,129.929876
"UBR-CA",20260703,789900.000000,219.416667,115.973374,124.450863,133.929876
"UBR-CA",20260703,790200.000000,219.500000,114.438257,124.673376,132.990396
"UBR-CA",20260703,790500.000000,219.583333,113.316333,122.622669,128.105283
"UBR-CA",20260703,790800.000000,219.666667,114.386171,119.093812,121.739058
"UBR-CA",20260703,791100.000000,219.750000,113.331912,117.087036,120.408704
"UBR-CA",20260703,791400.000000,219.833333,109.421122,114.438201,118.145695
"UBR-CA",20260703,791700.000000,219.916667,106.416235,112.753734,119.622682
"UBR-CA",20260703,792000.000000,220.000000,104.042950,110.111378,118.385267
"UBR-CA",20260703,792300.000000,220.083333,102.069642,109.683089,119.733929
"UBR-CA",20260703,792600.000000,220.166667,100.502172,108.334825,119.220465
"UBR-CA",20260703,792900.000000,220.250000,102.059370,106.331433,113.184281
"UBR-CA",20260703,793200.000000,220.333333,100.657296,104.066228,109.391503
"UBR-CA",20260703,793500.000000,220.416667,96.565968,100.028479,103.233912
"UBR-CA",20260703,793800.000000,220.500000,95.191153,95.809901,96.452092
"UBR-CA",20260703,794100.000000,220.583333,92.640175,94.206154,96.171183
"UBR-CA",20260703,794400.000000,220.666667,90.249519,93.504315,96.808246
"UBR-CA",20260703,794700.000000,220.750000,81.189768,90.040101,96.630497
"UBR-CA",20260703,795000.000000,220.833333,78.923365,86.654413,90.574280
"UBR-CA",20260703,795300.000000,220.916667,77.155041,83.934487,90.602910
"UBR-CA",20260703,795600.000000,221.000000,78.828981,83.407313,87.756173
"UBR-CA",20260703,795900.000000,221.083333,77.663290,82.274996,87.757089
"UBR-CA",20260703,796200.000000,221.166667,75.791067,80.684947,87.606369
"UBR-CA",20260703,796500.000000,221.250000,72.258892,78.450126,85.804809
"UBR-CA",20260703,796800.000000,221.333333,71.668520,77.066641,83.197195
"UBR-CA",20260703,797100.000000,221.416667,72.091313,76.549702,81.075377
"UBR-CA",20260703,797400.000000,221.500000,69.277737,74.093071,81.854940
"UBR-CA",20260703,797700.000000,221.583333,65.117506,71.698593,76.991054
"UBR-CA",20260703,798000.000000,221.666667,69.117506,72.283490,77.369094
"UBR-CA",20260703,798300.000000,221.750000,68.055834,71.409603,73.928224
"UBR-CA",20260703,798600.000000,221.833333,68.102938,69.093239,70.695976
"UBR-CA",20260703,798900.000000,221.916667,67.871734,68.260223,69.003698
"UBR-CA",20260703,799200.000000,222.000000,67.497219,67.916410,68.677943
"UBR-CA",20260703,799500.000000,222.083333,66.857751,67.547745,68.232578
"UBR-CA",20260703,799800.000000,222.166667,64.782585,66.450889,68.907970
"UBR-CA",20260703,800100.000000,222.250000,64.883662,66.107941,67.676826
"UBR-CA",20260703,800400.000000,222.333333,60.386080,63.562306,66.427097
"UBR-CA",20260703,800700.000000,222.416667,58.710158,62.985466,66.437981
"UBR-CA",20260703,801000.000000,222.500000,57.775971,62.109434,65.039836
"UBR-CA",20260703,801300.000000,222.583333,56.958260,60.584482,62.502473
"UBR-CA",20260703,801600.000000,222.666667,55.475141,57.435037,58.631907
"UBR-CA",20260703,801900.000000,222.750000,52.923006,54.029619,55.396079
"UBR-CA",20260703,802200.000000,222.833333,48.854090,52.204764,54.787805
"UBR-CA",20260703,802500.000000,222.916667,42.314740,49.315430,55.663399
"UBR-CA",20260703,802800.000000,223.000000,44.808205,47.850240,51.512388
"UBR-CA",20260703,803100.000000,223.083333,43.987599,46.737524,49.699229
"UBR-CA",20260703,803400.000000,223.166667,42.470613,46.595939,50.686520
"UBR-CA",20260703,803700.000000,223.250000,39.248096,45.462995,51.137916
"UBR-CA",20260703,804000.000000,223.333333,34.175140,43.273342,54.140189
"UBR-CA",20260703,804300.000000,223.416667,35.791175,42.120155,52.414600
"UBR-CA",20260703,804600.000000,223.500000,31.809596,40.159394,48.427161
"UBR-CA",20260703,804900.000000,223.583333,30.168826,40.127104,45.971060
"UBR-CA",20260703,805200.000000,223.666667,31.471546,39.988368,44.734984
"UBR-CA",20260703,805500.000000,223.750000,33.946324,38.423955,41.620278
"UBR-CA",20260703,805800.000000,223.833333,34.603069,37.595005,40.608939
"UBR-CA",20260703,806100.000000,223.916667,32.219213,34.658072,36.860693
"UBR-CA",20260703,806400.000000,224.000000,24.341156,29.812763,32.630833
"UBR-CA",20260703,806700.000000,224.083333,21.897323,27.526302,31.091378
"UBR-CA",20260703,807000.000000,224.166667,23.096655,25.666189,29.086827
"UBR-CA",20260703,807300.000000,224.250000,20.716875,24.421710,27.096655
"UBR-CA",20260703,807600.000000,224.333333,15.277512,21.832123,26.983899
"UBR-CA",20260703,807900.000000,224.416667,18.204340,20.362435,23.019800
"UBR-CA",20260703,808200.000000,224.500000,18.886568,20.031951,21.258830
"UBR-CA",20260703,808500.000000,224.583333,13.795221,18.781240,22.791350
"UBR-CA",20260703,808800.000000,224.666667,13.903912,17.054650,18.669475
"UBR-CA",20260703,809100.000000,224.750000,13.751108,15.670521,16.913941
"UBR-CA",20260703,809400.000000,224.833333,13.001485,15.044900,16.834357
"UBR-CA",20260703,809700.000000,224.916667,13.759534,14.800824,16.708898
"UBR-CA",20260703,810000.000000,225.000000,15.091112,15.615961,16.245474
"UBR-CA",20260703,810300.000000,225.083333,10.715727,23.606004,52.000000
"UBR-CA",20260703,810600.000000,225.166667,10.115179,23.513376,56.000000
"UBR-CA",20260703,810900.000000,225.250000,9.141274,24.025295,51.519284
"UBR-CA",20260703,811200.000000,225.333333,10.543365,24.918659,45.690651
"UBR-CA",20260703,811500.000000,225.416667,11.765402,25.973486,46.030792
"UBR-CA",20260703,811800.000000,225.500000,14.075008,27.669960,46.256345
"UBR-CA",20260703,812100.000000,225.583333,16.974097,29.480062,44.940404
"UBR-CA",20260703,812400.000000,225.666667,18.477343,30.101667,41.327012
"UBR-CA",20260703,812700.000000,225.750000,21.324528,31.739999,39.509445
"UBR-CA",20260703,813000.000000,225.833333,25.324528,33.492163,38.290353
"UBR-CA",20260703,813300.000000,225.916667,28.988313,35.541477,38.306202
"UBR-CA",20260703,813600.000000,226.000000,30.578402,37.176633,40.804760
"UBR-CA",20260703,813900.000000,226.083333,34.578402,38.267513,40.944117
"UBR-CA",20260703,814200.000000,226.166667,38.159339,39.439184,40.629080
"UBR-CA",20260703,814500.000000,226.250000,39.562568,42.063030,44.015877
"UBR-CA",20260703,814800.000000,226.333333,37.355920,43.642828,46.989325
"UBR-CA",20260703,815100.000000,226.416667,34.143132,43.730180,47.999227
"UBR-CA",20260703,815400.000000,226.500000,29.605746,43.026584,48.016905
"UBR-CA",20260703,815700.000000,226.583333,29.011573,43.719837,49.562661
"UBR-CA",20260703,816000.000000,226.666667,33.011573,46.822749,52.962821
"UBR-CA",20260703,816300.000000,226.750000,36.230300,48.464652,54.159186
"UBR-CA",20260703,816600.000000,226.833333,40.230300,50.546541,55.416645
"UBR-CA",20260703,816900.000000,226.916667,44.230300,52.300197,56.210839
"UBR-CA",20260703,817200.000000,227.000000,45.251155,54.133545,58.095577
"UBR-CA",20260703,817500.000000,227.083333,47.763983,55.139656,59.283706
"UBR-CA",20260703,817800.000000,227.166667,48.888471,56.889901,63.283706
"UBR-CA",20260703,818100.000000,227.250000,50.673557,58.641626,67.283706
"UBR-CA",20260703,818400.000000,227.333333,50.851140,60.159729,70.263209
"UBR-CA",20260703,818700.000000,227.416667,54.851140,61.954908,68.461248
"UBR-CA",20260703,819000.000000,227.500000,58.777427,64.789690,71.764805
"UBR-CA",20260703,819300.000000,227.583333,62.724564,65.793888,70.819902
"UBR-CA",20260703,819600.000000,227.666667,63.095225,66.670654,70.095123
"UBR-CA",20260703,819900.000000,227.750000,60.547723,67.592305,71.859997
"UBR-CA",20260703,820200.000000,227.833333,62.813067,69.637042,73.480754
"UBR-CA",20260703,820500.000000,227.916667,66.813067,72.654602,75.991537
"UBR-CA",20260703,820800.000000,228.000000,70.525749,75.911102,79.808726
"UBR-CA",20260703,821100.000000,228.083333,71.222861,77.953178,82.246808
"UBR-CA",20260703,821400.000000,228.166667,70.397361,79.420668,84.527919
"UBR-CA",20260703,821700.000000,228.250000,73.580576,80.860505,85.967823
"UBR-CA",20260703,822000.000000,228.333333,77.580576,82.731933,88.497371
"UBR-CA",20260703,822300.000000,228.416667,81.580576,84.193385,87.153314
"UBR-CA",20260703,822600.000000,228.500000,83.628029,86.312064,89.229630
"UBR-CA",20260703,822900.000000,228.583333,83.895456,89.261285,93.229630
"UBR-CA",20260703,823200.000000,228.666667,84.450628,90.858493,97.229630
"UBR-CA",20260703,823500.000000,228.750000,85.490005,91.480977,101.229630
"UBR-CA",20260703,823800.000000,228.833333,85.733829,92.951503,105.229630
"UBR-CA",20260703,824100.000000,228.916667,89.622139,95.748637,109.229630
"UBR-CA",20260703,824400.000000,229.000000,91.241281,97.587508,109.978514
"UBR-CA",20260703,824700.000000,229.083333,93.870712,99.938804,110.886142
"UBR-CA",20260703,825000.000000,229.166667,94.981992,101.990559,111.489998
"UBR-CA",20260703,825300.000000,229.250000,98.981992,105.397678,115.489998
"UBR-CA",20260703,825600.000000,229.333333,102.981992,108.219603,116.984382
"UBR-CA",20260703,825900.000000,229.416667,105.074488,110.734568,117.505859
"UBR-CA",20260703,826200.000000,229.500000,101.894544,111.910169,120.007731
"UBR-CA",20260703,826500.000000,229.583333,100.514332,113.531215,122.413596
"UBR-CA",20260703,826800.000000,229.666667,103.753606,116.863334,125.164132
"UBR-CA",20260703,827100.000000,229.750000,107.753606,119.438957,129.164132
"UBR-CA",20260703,827400.000000,229.833333,111.334548,121.670259,133.164132
"UBR-CA",20260703,827700.000000,229.916667,115.334548,124.259298,134.257428
"UBR-CA",20260703,828000.000000,230.000000,118.998362,126.557030,135.278810
"UBR-CA",20260703,828300.000000,230.083333,122.141743,128.782797,137.630328
"UBR-CA",20260703,828600.000000,230.166667,126.141743,131.536216,136.793228
"UBR-CA",20260703,828900.000000,230.250000,128.114997,133.001866,140.793228
"UBR-CA",20260703,829200.000000,230.333333,128.506164,133.987929,143.647127
"UBR-CA",20260703,829500.000000,230.416667,130.748539,135.420036,142.245335
"UBR-CA",20260703,829800.000000,230.500000,133.439973,138.064160,143.027908
"UBR-CA",20260703,830100.000000,230.583333,137.439973,140.724079,142.294047
"UBR-CA",20260703,830400.000000,230.666667,138.424527,142.515461,146.281913
"UBR-CA",20260703,830700.000000,230.750000,139.819501,145.501197,150.281913
"UBR-CA",20260703,831000.000000,230.833333,137.990623,147.484036,154.281913
"UBR-CA",20260703,831300.000000,230.916667,140.502896,149.959278,158.281913
"UBR-CA",20260703,831600.000000,231.000000,143.605270,152.705489,162.191392
"UBR-CA",20260703,831900.000000,231.083333,146.819343,155.790403,166.191392
"UBR-CA",20260703,832200.000000,231.166667,149.019022,157.836391,168.674967
"UBR-CA",20260703,832500.000000,231.250000,149.248371,159.042731,170.503041
"UBR-CA",20260703,832800.000000,231.333333,152.512627,161.415611,174.110499
"UBR-CA",20260703,833100.000000,231.416667,152.842075,163.640039,177.934904
"UBR-CA",20260703,833400.000000,231.500000,152.133047,165.554085,179.913421
"UBR-CA",20260703,833700.000000,231.583333,155.947328,167.219367,180.247947
"UBR-CA",20260703,834000.000000,231.666667,157.714319,168.176956,178.641254
"UBR-CA",20260703,834300.000000,231.750000,159.598374,168.783670,174.925377
"UBR-CA",20260703,834600.000000,231.833333,163.483560,170.361185,173.645954
"UBR-CA",20260703,834900.000000,231.916667,167.159927,172.460980,177.544163
"UBR-CA",20260703,835200.000000,232.000000,170.400954,174.665344,181.544163
"UBR-CA",20260703,835500.000000,232.083333,172.899402,176.617585,180.629588
"UBR-CA",20260703,835800.000000,232.166667,168.394733,174.510450,178.880722
"UBR-CA",20260703,836100.000000,232.250000,160.415387,169.994600,177.464053
"UBR-CA",20260703,836400.000000,232.333333,158.411110,167.337298,175.610596
"UBR-CA",20260703,836700.000000,232.416667,159.677048,166.211529,176.023766
"UBR-CA",20260703,837000.000000,232.500000,153.947048,162.557631,174.337742
"UBR-CA",20260703,837300.000000,232.583333,145.825270,157.962260,171.706512
"UBR-CA",20260703,837600.000000,232.666667,147.121062,159.031782,169.916537
"UBR-CA",20260703,837900.000000,232.750000,146.689772,158.323754,168.145073
"UBR-CA",20260703,838200.000000,232.833333,144.164709,155.342169,162.206666
"UBR-CA",20260703,838500.000000,232.916667,143.713744,153.073060,158.403998
"UBR-CA",20260703,838800.000000,233.000000,141.980154,149.421912,153.833225
"UBR-CA",20260703,839100.000000,233.083333,141.251889,149.118597,155.232246
"UBR-CA",20260703,839400.000000,233.166667,139.131585,150.009148,158.984295
"UBR-CA",20260703,839700.000000,233.250000,138.391723,150.837628,159.854256
"UBR-CA",20260703,840000.000000,233.333333,138.997366,149.152912,155.387122
"UBR-CA",20260703,840300.000000,233.416667,141.366360,146.644541,150.769315
"UBR-CA",20260703,840600.000000,233.500000,139.629029,144.655101,151.585395
"UBR-CA",20260703,840900.000000,233.583333,138.477754,145.182583,151.972022
"UBR-CA",20260703,841200.000000,233.666667,134.091466,144.095984,151.534948
"UBR-CA",20260703,841500.000000,233.750000,135.851507,144.744532,150.195284
"UBR-CA",20260703,841800.000000,233.833333,137.385659,143.754231,147.386024
"UBR-CA",20260703,842100.000000,233.916667,138.928093,142.587653,144.943587
"UBR-CA",20260703,842400.000000,234.000000,136.702030,140.653595,143.625167
"UBR-CA",20260703,842700.000000,234.083333,135.296675,138.492249,141.612290
"UBR-CA",20260703,843000.000000,234.166667,136.946674,138.077229,138.803019
"UBR-CA",20260703,843300.000000,234.250000,134.624810,136.967793,140.881258
"UBR-CA",20260703,843600.000000,234.333333,129.494722,135.529838,140.764254
"UBR-CA",20260703,843900.000000,234.416667,130.699628,133.898654,139.073817
"UBR-CA",20260703,844200.000000,234.500000,126.802227,133.058350,139.487234
"UBR-CA",20260703,844500.000000,234.583333,129.087932,134.795612,140.019816
"UBR-CA",20260703,844800.000000,234.666667,130.244092,134.873012,138.919793
"UBR-CA",20260703,845100.000000,234.750000,130.101173,132.678680,135.477721
"UBR-CA",20260703,845400.000000,234.833333,130.331666,133.637970,137.192756
"UBR-CA",20260703,845700.000000,234.916667,128.566453,132.670589,137.323506
"UBR-CA",20260703,846000.000000,235.000000,128.321500,130.881644,134.021712
"UBR-CA",20260703,846300.000000,235.083333,129.757855,130.639843,131.167614
"UBR-CA",20260703,846600.000000,235.166667,128.561204,130.666980,133.472891
"UBR-CA",20260703,846900.000000,235.250000,126.374549,130.131800,133.925199
"UBR-CA",20260703,847200.000000,235.333333,126.394513,130.972997,137.925199
"UBR-CA",20260703,847500.000000,235.416667,122.827397,131.360903,138.691513
"UBR-CA",20260703,847800.000000,235.500000,122.866866,129.574055,135.301904
"UBR-CA",20260703,848100.000000,235.583333,120.643217,127.986157,133.456845
"UBR-CA",20260703,848400.000000,235.666667,123.202167,128.366135,131.911682
"UBR-CA",20260703,848700.000000,235.750000,126.084866,129.089268,131.472902
"UBR-CA",20260703,849000.000000,235.833333,123.024139,128.068618,132.030470
"UBR-CA",20260703,849300.000000,235.916667,117.634641,124.858441,130.151256
"UBR-CA",20260703,849600.000000,236.000000,114.907055,123.943064,129.999329
"UBR-CA",20260703,849900.000000,236.083333,116.031729,123.423530,127.618162
"UBR-CA",20260703,850200.000000,236.166667,119.490223,124.427258,128.615961
"UBR-CA",20260703,850500.000000,236.250000,122.897287,125.145581,129.348474
"UBR-CA",20260703,850800.000000,236.333333,121.068513,125.573280,129.587021
"UBR-CA",20260703,851100.000000,236.416667,117.520010,125.248893,129.138703
"UBR-CA",20260703,851400.000000,236.500000,118.022434,125.874584,131.151869
"UBR-CA",20260703,851700.000000,236.583333,119.423097,126.519006,130.802106
"UBR-CA",20260703,852000.000000,236.666667,118.597999,126.322011,131.812700
"UBR-CA",20260703,852300.000000,236.750000,120.353351,125.949603,129.105896
"UBR-CA",20260703,852600.000000,236.833333,119.429702,123.890785,127.213141
"UBR-CA",20260703,852900.000000,236.916667,119.466990,121.159952,122.456100
"UBR-CA",20260703,853200.000000,237.000000,118.842257,120.893801,122.515275
"UBR-CA",20260703,853500.000000,237.083333,117.726957,121.608941,125.756323
"UBR-CA",20260703,853800.000000,237.166667,114.510407,120.723233,125.768871
"UBR-CA",20260703,854100.000000,237.250000,111.362333,118.820176,126.039482
"UBR-CA",20260703,854400.000000,237.333333,108.904473,116.343364,124.954409
"UBR-CA",20260703,854700.000000,237.416667,107.945521,115.269455,125.424213
"UBR-CA",20260703,855000.000000,237.500000,110.533907,116.160392,126.638200
"UBR-CA",20260703,855300.000000,237.583333,108.209584,115.573049,129.732688
"UBR-CA",20260703,855600.000000,237.666667,106.979248,115.921453,128.008235
"UBR-CA",20260703,855900.000000,237.750000,108.290476,115.573576,123.142375
"UBR-CA",20260703,856200.000000,237.833333,109.886930,116.201500,123.543644
"UBR-CA",20260703,856500.000000,237.916667,108.507723,114.113634,122.781533
"UBR-CA",20260703,856800.000000,238.000000,100.995358,110.947542,120.720201
"UBR-CA",20260703,857100.000000,238.083333,101.175839,110.088470,118.916914
"UBR-CA",20260703,857400.000000,238.166667,105.166116,110.363293,118.703676
"UBR-CA",20260703,857700.000000,238.250000,103.251943,110.495368,119.220600
"UBR-CA",20260703,858000.000000,238.333333,99.592098,110.737130,120.672470
"UBR-CA",20260703,858300.000000,238.416667,101.045660,111.703524,122.025837
"UBR-CA",20260703,858600.000000,238.500000,102.298098,112.023959,122.386902
"UBR-CA",20260703,858900.000000,238.583333,100.961056,111.098114,125.508644
"UBR-CA",20260703,859200.000000,238.666667,101.877740,112.311784,125.882491
"UBR-CA",20260703,859500.000000,238.750000,104.818720,113.326432,123.745658
"UBR-CA",20260703,859800.000000,238.833333,106.461151,113.804566,123.161804
"UBR-CA",20260703,860100.000000,238.916667,107.482588,114.861536,125.022453
"UBR-CA",20260703,860400.000000,239.000000,104.095417,113.866645,127.072412
"UBR-CA",20260703,860700.000000,239.083333,103.934137,110.541789,119.169767
"UBR-CA",20260703,861000.000000,239.166667,105.205514,110.417338,116.596049
"UBR-CA",20260703,861300.000000,239.250000,107.422170,110.036764,113.945118
"UBR-CA",20260703,861600.000000,239.333333,105.752789,108.262591,109.839209
"UBR-CA",20260703,861900.000000,239.416667,104.932690,107.511606,110.142610
"UBR-CA",20260703,862200.000000,239.500000,105.498893,107.792859,108.946994
"UBR-CA",20260703,862500.000000,239.583333,106.268220,109.834716,112.321003
"UBR-CA",20260703,862800.000000,239.666667,107.179997,111.495078,115.434813
"UBR-CA",20260703,863100.000000,239.750000,109.419208,113.223601,117.257820
"UBR-CA",20260703,863400.000000,239.833333,113.419208,114.367388,115.260131
"UBR-CA",20260703,863700.000000,239.916667,111.884492,114.178645,116.389990
"UBR-CA",20260703,864000.000000,240.000000,109.379235,113.045866,117.229258
"UBR-CA",20260703,864300.000000,240.083333,109.476388,112.650722,114.830794
"UBR-CA",20260703,864600.000000,240.166667,103.989806,110.672688,114.208357
"UBR-CA",20260703,864900.000000,240.250000,103.397788,107.953264,110.428957
"UBR-CA",20260703,865200.000000,240.333333,105.504839,108.618301,112.256572
"UBR-CA",20260703,865500.000000,240.416667,107.472097,109.160870,110.546932
"UBR-CA",20260703,865800.000000,240.500000,106.866713,108.824998,110.098986
"UBR-CA",20260703,866100.000000,240.583333,106.310297,109.097565,111.022275
"UBR-CA",20260703,866400.000000,240.666667,107.590720,109.582016,110.742384
"UBR-CA",20260703,866700.000000,240.750000,107.573947,109.416066,111.919847
"UBR-CA",20260703,867000.000000,240.833333,104.906494,109.155538,113.164972
"UBR-CA",20260703,867300.000000,240.916667,103.403149,109.031430,113.952600
"UBR-CA",20260703,867600.000000,241.000000,98.446785,108.505260,116.634482
"UBR-CA",20260703,867900.000000,241.083333,96.970192,107.291263,115.605611
"UBR-CA",20260703,868200.000000,241.166667,97.651493,106.264109,115.748468
"UBR-CA",20260703,868500.000000,241.250000,96.956719,105.359365,116.677284
"UBR-CA",20260703,868800.000000,241.333333,99.459459,106.333597,115.707510
"UBR-CA",20260703,869100.000000,241.416667,103.459459,107.269134,113.081383
"UBR-CA",20260703,869400.000000,241.500000,106.608468,108.929541,112.269348
"UBR-CA",20260703,869700.000000,241.583333,108.234553,110.178243,113.533202
"UBR-CA",20260703,870000.000000,241.666667,108.004545,111.082651,114.227832
"UBR-CA",20260703,870300.000000,241.750000,106.026135,111.041930,115.015576
"UBR-CA",20260703,870600.000000,241.833333,108.047589,111.635642,115.687853
"UBR-CA",20260703,870900.000000,241.916667,112.047589,113.937449,116.542404
"UBR-CA",20260703,871200.000000,242.000000,113.775464,114.778384,116.047589
"UBR-CA",20260703,871500.000000,242.083333,114.163575,116.347126,120.047589
"UBR-CA",20260703,871800.000000,242.166667,115.496017,117.332348,120.465224
"UBR-CA",20260703,872100.000000,242.250000,117.824553,119.118791,120.035802
"UBR-CA",20260703,872400.000000,242.333333,117.175021,121.118315,123.496017
"UBR-CA",20260703,872700.000000,242.416667,121.175021,124.084272,125.766057
"UBR-CA",20260703,873000.000000,242.500000,122.653353,125.912697,127.772592
"UBR-CA",20260703,873300.000000,242.583333,123.647586,126.238668,127.810049
"UBR-CA",20260703,873600.000000,242.666667,125.440886,127.345804,130.094567
"UBR-CA",20260703,873900.000000,242.750000,127.821480,129.655472,131.730699
"UBR-CA",20260703,874200.000000,242.833333,129.011393,130.527987,133.313705
"UBR-CA",20260703,874500.000000,242.916667,126.065717,128.794088,130.763330
"UBR-CA",20260703,874800.000000,243.000000,125.542875,128.330374,132.213251
"UBR-CA",20260703,875100.000000,243.083333,128.397211,130.327361,133.599948
"UBR-CA",20260703,875400.000000,243.166667,130.564646,131.844317,132.988309
"UBR-CA",20260703,875700.000000,243.250000,130.987926,131.686690,132.198186
"UBR-CA",20260703,876000.000000,243.333333,129.084349,132.362862,135.873959
"UBR-CA",20260703,876300.000000,243.416667,128.947184,134.140790,138.815357
"UBR-CA",20260703,876600.000000,243.500000,129.576809,135.310276,140.591843
"UBR-CA",20260703,876900.000000,243.583333,133.576809,137.960421,141.014486
"UBR-CA",20260703,877200.000000,243.666667,137.511605,140.416845,141.882447
"UBR-CA",20260703,877500.000000,243.750000,136.977222,142.667598,145.882447
"UBR-CA",20260703,877800.000000,243.833333,137.859092,143.796755,149.143125
"UBR-CA",20260703,878100.000000,243.916667,138.254939,143.134568,151.296028
"UBR-CA",20260703,878400.000000,244.000000,139.124990,143.555022,148.111967
"UBR-CA",20260703,878700.000000,244.083333,140.160742,143.842912,147.428110
"UBR-CA",20260703,879000.000000,244.166667,141.863498,145.971058,149.173078
"UBR-CA",20260703,879300.000000,244.250000,144.297489,146.063584,147.100888
"UBR-CA",20260703,879600.000000,244.333333,145.862283,147.653583,150.404893
"UBR-CA",20260703,879900.000000,244.416667,148.196601,150.386069,154.404893
"UBR-CA",20260703,880200.000000,244.500000,147.487347,151.615494,157.943211
"UBR-CA",20260703,880500.000000,244.583333,144.250978,151.160870,157.947954
"UBR-CA",20260703,880800.000000,244.666667,146.406394,151.107446,157.435822
"UBR-CA",20260703,881100.000000,244.750000,144.986967,150.935489,156.134721
"UBR-CA",20260703,881400.000000,244.833333,142.992900,151.345802,155.684779
"UBR-CA",20260703,881700.000000,244.916667,143.295177,151.699028,156.801381
"UBR-CA",20260703,882000.000000,245.000000,144.233899,151.913581,158.337656
"UBR-CA",20260703,882300.000000,245.083333,142.293957,152.109438,161.085118
"UBR-CA",20260703,882600.000000,245.166667,139.243948,151.644730,162.219105
"UBR-CA",20260703,882900.000000,245.250000,137.935655,153.293349,164.513246
"UBR-CA",20260703,883200.000000,245.333333,141.935655,154.698084,161.284922
"UBR-CA",20260703,883500.000000,245.416667,144.542626,154.286733,161.185550
"UBR-CA",20260703,883800.000000,245.500000,146.068275,153.952803,159.616899
"UBR-CA",20260703,884100.000000,245.583333,146.057156,155.083026,162.521186
"UBR-CA",20260703,884400.000000,245.666667,145.785597,155.643428,164.146218
"UBR-CA",20260703,884700.000000,245.750000,145.427295,156.457928,165.880823
"UBR-CA",20260703,885000.000000,245.833333,144.144064,156.201094,166.340912
"UBR-CA",20260703,885300.000000,245.916667,143.852043,154.790137,164.475504
"UBR-CA",20260703,885600.000000,246.000000,144.999231,154.152515,162.022440
"UBR-CA",20260703,885900.000000,246.083333,148.121793,155.101438,161.500628
"UBR-CA",20260703,886200.000000,246.166667,151.511712,156.482474,161.320597
"UBR-CA",20260703,886500.000000,246.250000,149.673973,155.911968,161.547673
"UBR-CA",20260703,886800.000000,246.333333,153.353173,157.554757,162.477796
"UBR-CA",20260703,887100.000000,246.416667,155.821264,157.640237,160.598516
"UBR-CA",20260703,887400.000000,246.500000,152.779155,156.832056,158.941318
"UBR-CA",20260703,887700.000000,246.583333,152.768062,158.325651,162.775696
"UBR-CA",20260703,888000.000000,246.666667,153.428733,159.384813,166.251494
"UBR-CA",20260703,888300.000000,246.750000,153.367595,160.952040,170.036178
"UBR-CA",20260703,888600.000000,246.833333,152.240621,160.952020,171.646604
"UBR-CA",20260703,888900.000000,246.916667,153.287272,161.482544,171.216536
"UBR-CA",20260703,889200.000000,247.000000,155.106368,162.411816,172.859886
"UBR-CA",20260703,889500.000000,247.083333,157.119848,162.060795,171.859863
"UBR-CA",20260703,889800.000000,247.166667,158.815556,163.603691,171.569674
"UBR-CA",20260703,890100.000000,247.250000,157.748866,162.777814,171.524317
"UBR-CA",20260703,890400.000000,247.333333,155.649612,162.493049,170.321570
"UBR-CA",20260703,890700.000000,247.416667,155.947250,163.751407,171.266904
"UBR-CA",20260703,891000.000000,247.500000,157.055504,164.829886,172.827678
"UBR-CA",20260703,891300.000000,247.583333,156.582843,163.164583,170.365031
"UBR-CA",20260703,891600.000000,247.666667,156.745514,164.132206,171.477973
"UBR-CA",20260703,891900.000000,247.750000,157.985644,165.538239,171.522440
"UBR-CA",20260703,892200.000000,247.833333,160.885753,166.981640,171.965555
"UBR-CA",20260703,892500.000000,247.916667,162.973803,170.033614,175.033426
"UBR-CA",20260703,892800.000000,248.000000,165.949214,171.870945,175.902356
"UBR-CA",20260703,893100.000000,248.083333,169.192382,173.612492,176.591563
"UBR-CA",20260703,893400.000000,248.166667,172.575689,174.707814,176.917306
"UBR-CA",20260703,893700.000000,248.250000,169.541790,175.609493,179.760134
"UBR-CA",20260703,894000.000000,248.333333,170.746056,176.214702,180.786084
"UBR-CA",20260703,894300.000000,248.416667,171.086770,176.381369,184.668444
"UBR-CA",20260703,894600.000000,248.500000,170.532412,177.439830,187.642827
"UBR-CA",20260703,894900.000000,248.583333,169.720790,177.095042,185.456739
"UBR-CA",20260703,895200.000000,248.666667,173.720790,179.248121,186.315459
"UBR-CA",20260703,895500.000000,248.750000,177.157314,180.477908,186.628199
"UBR-CA",20260703,895800.000000,248.833333,178.669929,181.684110,186.814590
"UBR-CA",20260703,896100.000000,248.916667,177.322393,183.084375,188.362920
"UBR-CA",20260703,896400.000000,249.000000,175.118393,182.891650,190.375227
"UBR-CA",20260703,896700.000000,249.083333,176.134891,184.864090,194.375227
"UBR-CA",20260703,897000.000000,249.166667,175.709933,186.924447,198.342361
"UBR-CA",20260703,897300.000000,249.250000,174.396082,187.176401,199.131462
"UBR-CA",20260703,897600.000000,249.333333,176.476334,187.439450,197.746328
"UBR-CA",20260703,897900.000000,249.416667,180.242112,187.082416,196.687141
"UBR-CA",20260703,898200.000000,249.500000,179.131323,187.718436,196.600515
"UBR-CA",20260703,898500.000000,249.583333,178.109213,188.990167,200.505660
"UBR-CA",20260703,898800.000000,249.666667,181.461996,191.966824,202.082849
"UBR-CA",20260703,899100.000000,249.750000,184.803256,192.475033,201.174214
"UBR-CA",20260703,899400.000000,249.833333,185.936552,191.959770,200.375765
"UBR-CA",20260703,899700.000000,249.916667,186.212231,193.451657,200.575746
"UBR-CA",20260703,900000.000000,250.000000,185.434198,194.895842,203.073985
"UBR-CA",20260703,900300.000000,250.083333,189.434198,197.120489,203.347435
"UBR-CA",20260703,900600.000000,250.166667,193.434198,200.199784,207.347435
"UBR-CA",20260703,900900.000000,250.250000,197.434198,203.117030,211.347435
"UBR-CA",20260703,901200.000000,250.333333,197.979084,203.886050,212.944033
"UBR-CA",20260703,901500.000000,250.416667,200.159692,205.919037,214.531376
"UBR-CA",20260703,901800.000000,250.500000,200.044849,208.164735,217.942588
"UBR-CA",20260703,902100.000000,250.583333,199.067359,209.274260,220.338807
"UBR-CA",20260703,902400.000000,250.666667,199.411046,206.611369,213.811691
"UBR-CA",20260703,902700.000000,250.750000,190.151045,201.008439,211.865833
"UBR-CA",20260703,903000.000000,250.833333,183.637813,193.574395,203.510977
"UBR-CA",20260703,903300.000000,250.916667,180.884372,187.408728,193.933084
"UBR-CA",20260703,903600.000000,251.000000,177.310566,182.725597,188.140627
"UBR-CA",20260703,903900.000000,251.083333,176.608184,179.125373,181.642563
"UBR-CA",20260703,904200.000000,251.166667,170.031751,172.815033,175.598315
"UBR-CA",20260703,904500.000000,251.250000,171.331305,172.013883,172.696460
"UBR-CA",20260703,904800.000000,251.333333,167.771311,170.777231,173.783151
"UBR-CA",20260703,905100.000000,251.416667,159.585176,167.438425,175.291674
"UBR-CA",20260703,905400.000000,251.500000,154.062437,161.905548,169.748658
"UBR-CA",20260703,905700.000000,251.583333,149.703578,154.344847,158.986117
"UBR-CA",20260703,906000.000000,251.666667,147.088221,150.290760,153.493298
"UBR-CA",20260703,906300.000000,251.750000,142.134378,146.268299,150.402221
"UBR-CA",20260703,906600.000000,251.833333,138.116096,143.311182,148.506267
"UBR-CA",20260703,906900.000000,251.916667,135.828053,139.935190,144.042328
"UBR-CA",20260703,907200.000000,252.000000,133.691810,135.376418,137.061026
"UBR-CA",20260703,907500.000000,252.083333,130.957669,131.885379,132.813089
"UBR-CA",20260703,907800.000000,252.166667,127.005351,127.777304,128.549256
"UBR-CA",20260703,908100.000000,252.250000,118.424818,120.235106,122.045394
"UBR-CA",20260703,908400.000000,252.333333,110.238252,114.222075,118.205898
"UBR-CA",20260703,908700.000000,252.416667,109.099093,109.387522,109.675951
"UBR-CA",20260703,909000.000000,252.500000,102.703717,103.154234,103.604751
"UBR-CA",20260703,909300.000000,252.583333,95.302182,97.181743,99.061305
"UBR-CA",20260703,909600.000000,252.666667,90.258709,91.285575,92.312441
"UBR-CA",20260703,909900.000000,252.750000,84.723299,85.668145,86.612991
"UBR-CA",20260703,910200.000000,252.833333,81.162067,83.135237,85.108406
"UBR-CA",20260703,910500.000000,252.916667,76.839233,80.409055,83.978878
"UBR-CA",20260703,910800.000000,253.000000,71.839220,76.092231,80.345241
"UBR-CA",20260703,911100.000000,253.083333,64.753314,71.121595,77.489876
"UBR-CA",20260703,911400.000000,253.166667,59.445788,67.266377,75.086965
"UBR-CA",20260703,911700.000000,253.250000,60.737873,64.807045,68.876217
"UBR-CA",20260703,912000.000000,253.333333,56.491729,58.632299,60.772868
"UBR-CA",20260703,912300.000000,253.416667,48.542748,53.219697,57.896646
"UBR-CA",20260703,912600.000000,253.500000,44.611732,50.342143,56.072554
"UBR-CA",20260703,912900.000000,253.583333,40.462546,45.240857,50.019168
"UBR-CA",20260703,913200.000000,253.666667,36.716191,38.354612,39.993032
"UBR-CA",20260703,913500.000000,253.750000,29.585551,30.864600,32.143650
"UBR-CA",20260703,913800.000000,253.833333,25.368882,26.030706,26.692530
"UBR-CA",20260703,914100.000000,253.916667,20.074131,22.518620,24.963108
"UBR-CA",20260703,914400.000000,254.000000,19.102197,21.416030,23.729863
"UBR-CA",20260703,914700.000000,254.083333,16.976496,17.080133,17.183770
"UBR-CA",20260703,915000.000000,254.166667,12.185683,26.735249,52.000000
"UBR-CA",20260703,915300.000000,254.250000,10.811287,27.933903,55.723986
"UBR-CA",20260703,915600.000000,254.333333,14.811287,29.179985,57.880696
"UBR-CA",20260703,915900.000000,254.416667,13.585704,26.893479,48.283447
"UBR-CA",20260703,916200.000000,254.500000,17.518517,27.542750,42.298447
"UBR-CA",20260703,916500.000000,254.583333,21.518517,28.999321,41.274447
"UBR-CA",20260703,916800.000000,254.666667,21.122988,29.190435,37.257881
"UBR-CA",20260703,917100.000000,254.750000,19.282585,25.440101,31.597616
"UBR-CA",20260703,917400.000000,254.833333,15.158602,19.630801,24.103000
"UBR-CA",20260703,917700.000000,254.916667,13.630098,28.946236,52.000000
"UBR-CA",20260703,918000.000000,255.000000,15.826788,30.647128,56.000000
"UBR-CA",20260703,918300.000000,255.083333,19.228964,32.034212,57.046883
"UBR-CA",20260703,918600.000000,255.166667,17.868961,33.490140,58.774672
"UBR-CA",20260703,918900.000000,255.250000,17.297647,34.165942,57.373389
"UBR-CA",20260703,919200.000000,255.333333,20.496954,34.988253,56.158737
"UBR-CA",20260703,919500.000000,255.416667,23.664688,35.578220,51.257669
"UBR-CA",20260703,919800.000000,255.500000,27.664688,37.968842,50.980514
"UBR-CA",20260703,920100.000000,255.583333,31.664688,40.447182,52.910307
"UBR-CA",20260703,920400.000000,255.666667,35.664688,43.424795,55.333451
"UBR-CA",20260703,920700.000000,255.750000,39.664688,45.377447,55.689168
"UBR-CA",20260703,921000.000000,255.833333,39.643687,46.292851,57.304989
"UBR-CA",20260703,921300.000000,255.916667,39.974791,45.939159,57.407392
"UBR-CA",20260703,921600.000000,256.000000,40.690247,46.406385,57.308320
"UBR-CA",20260703,921900.000000,256.083333,41.415315,47.148968,56.294641
"UBR-CA",20260703,922200.000000,256.166667,45.415315,48.721653,53.012697
"UBR-CA",20260703,922500.000000,256.250000,49.415315,50.121930,50.927810
"UBR-CA",20260703,922800.000000,256.333333,45.433929,50.698908,53.618915
"UBR-CA",20260703,923100.000000,256.416667,41.078878,50.711134,55.719989
"UBR-CA",20260703,923400.000000,256.500000,41.246764,52.673122,59.334534
"UBR-CA",20260703,923700.000000,256.583333,45.246764,54.387720,62.687538
"UBR-CA",20260703,924000.000000,256.666667,48.959967,55.796159,64.162822
"UBR-CA",20260703,924300.000000,256.750000,50.469709,58.825292,67.740479
"UBR-CA",20260703,924600.000000,256.833333,53.889309,61.659390,68.823171
"UBR-CA",20260703,924900.000000,256.916667,56.993551,63.067500,67.841914
"UBR-CA",20260703,925200.000000,257.000000,60.993551,63.357269,65.505162
"UBR-CA",20260703,925500.000000,257.083333,64.942085,65.160850,65.546916
"UBR-CA",20260703,925800.000000,257.166667,62.529852,66.222266,68.089931
"UBR-CA",20260703,926100.000000,257.250000,64.453000,66.797537,70.925174
"UBR-CA",20260703,926400.000000,257.333333,63.677548,68.635030,74.212653
"UBR-CA",20260703,926700.000000,257.416667,67.327725,70.051724,73.215648
"UBR-CA",20260703,927000.000000,257.500000,68.406278,71.351960,74.490275
"UBR-CA",20260703,927300.000000,257.583333,67.525657,72.414401,77.265327
"UBR-CA",20260703,927600.000000,257.666667,67.816794,72.441557,75.793531
"UBR-CA",20260703,927900.000000,257.750000,70.710788,72.680687,74.650586
"UBR-CA",20260703,928200.000000,257.833333,68.849468,70.827817,72.806166
"UBR-CA",20260703,928500.000000,257.916667,67.957278,69.601194,71.245110
"UBR-CA",20260703,928800.000000,258.000000,60.870167,66.272207,71.674247
"UBR-CA",20260703,929100.000000,258.083333,64.057158,67.048990,70.040822
"UBR-CA",20260703,929400.000000,258.166667,66.944664,67.573038,68.201412
"UBR-CA",20260703,929700.000000,258.250000,61.677583,65.351535,69.025488
"UBR-CA",20260703,930000.000000,258.333333,54.632873,61.369546,68.106220
"UBR-CA",20260703,930300.000000,258.416667,49.216924,58.725555,68.234187
"UBR-CA",20260703,930600.000000,258.500000,46.427238,54.817924,63.208611
"UBR-CA",20260703,930900.000000,258.583333,43.159787,49.843085,56.526384
"UBR-CA",20260703,931200.000000,258.666667,38.988971,42.962085,46.935200
"UBR-CA",20260703,931500.000000,258.750000,37.246027,37.446411,37.646795
"UBR-CA",20260703,931800.000000,258.833333,28.315525,30.054888,31.794252
"UBR-CA",20260703,932100.000000,258.916667,23.051382,23.925333,24.799284
"UBR-CA",20260703,932400.000000,259.000000,18.885846,30.975906,52.000000
"UBR-CA",20260703,932700.000000,259.083333,19.961400,32.554419,56.000000
"UBR-CA",20260703,933000.000000,259.166667,22.667417,32.541597,51.129366
"UBR-CA",20260703,933300.000000,259.250000,26.250811,33.561728,47.012406
"UBR-CA",20260703,933600.000000,259.333333,25.419445,33.104091,44.269464
"UBR-CA",20260703,933900.000000,259.416667,24.612710,32.809997,46.267767
"UBR-CA",20260703,934200.000000,259.500000,28.612710,36.068616,50.175772
"UBR-CA",20260703,934500.000000,259.583333,32.612710,37.611289,46.803793
"UBR-CA",20260703,934800.000000,259.666667,36.612710,39.317171,43.921436
"UBR-CA",20260703,935100.000000,259.750000,37.832783,40.685513,44.554203
"UBR-CA",20260703,935400.000000,259.833333,38.685683,41.486305,45.549494
"UBR-CA",20260703,935700.000000,259.916667,35.311012,41.532524,45.062821
"UBR-CA",20260703,936000.000000,260.000000,33.622491,41.503581,46.128618
"UBR-CA",20260703,936300.000000,260.083333,36.452761,41.403068,45.700086
"UBR-CA",20260703,936600.000000,260.166667,39.837575,41.792899,44.274967
"UBR-CA",20260703,936900.000000,260.250000,40.060976,41.939713,43.837575
"UBR-CA",20260703,937200.000000,260.333333,36.117922,43.292028,47.837575
"UBR-CA",20260703,937500.000000,260.416667,33.504669,42.895767,48.274936
"UBR-CA",20260703,937800.000000,260.500000,37.504669,43.611781,47.646623
"UBR-CA",20260703,938100.000000,260.583333,41.504669,45.639521,48.109354
"UBR-CA",20260703,938400.000000,260.666667,45.504669,48.510175,51.130185
"UBR-CA",20260703,938700.000000,260.750000,47.257644,49.976921,53.082474
"UBR-CA",20260703,939000.000000,260.833333,47.134105,50.299838,54.117801
"UBR-CA",20260703,939300.000000,260.916667,48.437940,52.048630,55.708677
"UBR-CA",20260703,939600.000000,261.000000,52.437940,55.074158,58.385642
"UBR-CA",20260703,939900.000000,261.083333,53.928767,57.396277,62.385642
"UBR-CA",20260703,940200.000000,261.166667,54.723614,60.191310,66.385642
"UBR-CA",20260703,940500.000000,261.250000,58.723614,63.094613,70.385642
"UBR-CA",20260703,940800.000000,261.333333,59.646372,64.165683,70.426804
"UBR-CA",20260703,941100.000000,261.416667,59.946536,65.314279,72.349929
"UBR-CA",20260703,941400.000000,261.500000,55.812191,65.057883,71.715087
"UBR-CA",20260703,941700.000000,261.583333,53.779120,65.219982,71.646372
"UBR-CA",20260703,942000.000000,261.666667,57.665060,69.055630,75.646372
"UBR-CA",20260703,942300.000000,261.750000,61.665060,71.342496,76.955125
"UBR-CA",20260703,942600.000000,261.833333,62.196525,72.000323,77.224953
"UBR-CA",20260703,942900.000000,261.916667,63.217521,72.000029,76.455818
"UBR-CA",20260703,943200.000000,262.000000,66.727636,72.888758,76.291822
"UBR-CA",20260703,943500.000000,262.083333,70.727636,73.577068,76.136515
"UBR-CA",20260703,943800.000000,262.166667,71.082020,73.509859,74.727636
"UBR-CA",20260703,944100.000000,262.250000,71.287347,75.450940,78.727636
"UBR-CA",20260703,944400.000000,262.333333,75.287347,78.424148,80.337836
"UBR-CA",20260703,944700.000000,262.416667,77.832738,80.867825,83.234679
"UBR-CA",20260703,945000.000000,262.500000,77.903738,80.665563,83.688992
"UBR-CA",20260703,945300.000000,262.583333,80.046725,82.981539,86.994154
"UBR-CA",20260703,945600.000000,262.666667,82.281376,84.427867,87.298874
"UBR-CA",20260703,945900.000000,262.750000,83.555691,85.366504,86.281376
"UBR-CA",20260703,946200.000000,262.833333,83.982380,86.881854,90.281376
"UBR-CA",20260703,946500.000000,262.916667,85.278740,88.641846,94.281376
"UBR-CA",20260703,946800.000000,263.000000,86.501844,90.336933,94.143532
"UBR-CA",20260703,947100.000000,263.083333,90.501844,92.720971,94.365423
"UBR-CA",20260703,947400.000000,263.166667,93.179576,95.414937,98.365423
"UBR-CA",20260703,947700.000000,263.250000,91.951015,96.860666,102.365423
"UBR-CA",20260703,948000.000000,263.333333,94.748392,99.392637,106.365423
"UBR-CA",20260703,948300.000000,263.416667,98.748392,103.132603,109.637539
"UBR-CA",20260703,948600.000000,263.500000,102.748392,105.458766,110.601737
"UBR-CA",20260703,948900.000000,263.583333,105.701881,106.276539,106.748392
"UBR-CA",20260703,949200.000000,263.666667,106.171843,108.363962,110.748392
"UBR-CA",20260703,949500.000000,263.750000,108.238063,111.020101,113.118244
"UBR-CA",20260703,949800.000000,263.833333,110.218517,114.259156,116.854954
"UBR-CA",20260703,950100.000000,263.916667,109.902748,116.820566,120.854954
"UBR-CA",20260703,950400.000000,264.000000,110.961911,117.881017,124.199250
"UBR-CA",20260703,950700.000000,264.083333,112.017797,117.248120,125.199678
"UBR-CA",20260703,951000.000000,264.166667,114.272267,118.775993,127.530236
"UBR-CA",20260703,951300.000000,264.250000,114.805063,121.341869,130.695070
"UBR-CA",20260703,951600.000000,264.333333,117.346131,124.709715,134.257542
"UBR-CA",20260703,951900.000000,264.416667,117.450916,126.657788,137.502545
"UBR-CA",20260703,952200.000000,264.500000,121.450916,129.041288,136.692009
"UBR-CA",20260703,952500.000000,264.583333,123.395095,130.442758,139.514740
"UBR-CA",20260703,952800.000000,264.666667,127.395095,132.437639,140.366229
"UBR-CA",20260703,953100.000000,264.750000,131.395095,134.759617,139.804259
"UBR-CA",20260703,953400.000000,264.833333,135.235069,135.437716,135.682984
"UBR-CA",20260703,953700.000000,264.916667,132.220298,136.641593,139.235069
"UBR-CA",20260703,954000.000000,265.000000,131.084462,138.666977,143.235069
"UBR-CA",20260703,954300.000000,265.083333,134.616181,141.617260,146.223319
"UBR-CA",20260703,954600.000000,265.166667,137.490534,145.181255,150.040953
"UBR-CA",20260703,954900.000000,265.250000,141.237794,149.097009,154.040953
"UBR-CA",20260703,955200.000000,265.333333,145.237794,151.800798,156.012279
"UBR-CA",20260703,955500.000000,265.416667,149.237794,154.265914,158.182508
"UBR-CA",20260703,955800.000000,265.500000,153.237794,156.601559,160.187174
"UBR-CA",20260703,956100.000000,265.583333,156.485352,159.667852,163.216440
"UBR-CA",20260703,956400.000000,265.666667,159.646114,162.185975,165.713143
"UBR-CA",20260703,956700.000000,265.750000,161.607406,165.506406,169.713143
"UBR-CA",20260703,957000.000000,265.833333,165.607406,169.397031,173.385019
"UBR-CA",20260703,957300.000000,265.916667,169.607406,172.501266,175.006189
"UBR-CA",20260703,957600.000000,266.000000,171.295298,175.518951,179.006189
"UBR-CA",20260703,957900.000000,266.083333,175.295298,178.927328,181.630216
"UBR-CA",20260703,958200.000000,266.166667,179.295298,181.736358,183.760850
"UBR-CA",20260703,958500.000000,266.250000,179.733825,182.285628,183.745433
"UBR-CA",20260703,958800.000000,266.333333,180.252404,182.627018,186.607872
"UBR-CA",20260703,959100.000000,266.416667,183.425729,185.713536,189.462476
"UBR-CA",20260703,959400.000000,266.500000,187.425729,188.448054,189.666029
"UBR-CA",20260703,959700.000000,266.583333,191.425729,191.815340,192.543834
"UBR-CA",20260703,960000.000000,266.666667,191.659425,193.912088,195.619116
"UBR-CA",20260703,960300.000000,266.750000,188.375828,195.250629,198.918336
"UBR-CA",20260703,960600.000000,266.833333,190.070700,197.490337,202.900820
"UBR-CA",20260703,960900.000000,266.916667,194.070700,201.080848,206.900820
"UBR-CA",20260703,961200.000000,267.000000,199.342469,201.961534,204.580598
"UBR-CA",20260703,961500.000000,267.083333,196.415789,198.227276,200.038763
"UBR-CA",20260703,961800.000000,267.166667,192.499980,195.377969,198.255957
"UBR-CA",20260703,962100.000000,267.250000,192.722362,194.898911,197.075460
"UBR-CA",20260703,962400.000000,267.333333,188.660429,190.777531,192.894634
"UBR-CA",20260703,962700.000000,267.416667,183.215287,186.921285,190.627283
"UBR-CA",20260703,963000.000000,267.500000,176.094165,182.721839,189.349514
"UBR-CA",20260703,963300.000000,267.583333,168.584860,178.047594,187.510327
"UBR-CA",20260703,963600.000000,267.666667,163.346579,175.112153,186.877728
"UBR-CA",20260703,963900.000000,267.750000,158.161222,171.868189,185.575157
"UBR-CA",20260703,964200.000000,267.833333,155.557509,168.033397,180.509285
"UBR-CA",20260703,964500.000000,267.916667,155.215353,164.762469,174.309584
"UBR-CA",20260703,964800.000000,268.000000,151.416354,162.625511,173.834668
"UBR-CA",20260703,965100.000000,268.083333,148.448955,160.986024,173.523094
"UBR-CA",20260703,965400.000000,268.166667,146.847859,159.999481,173.151103
"UBR-CA",20260703,965700.000000,268.250000,142.998758,156.718676,170.438594
"UBR-CA",20260703,966000.000000,268.333333,137.625373,151.890859,166.156346
"UBR-CA",20260703,966300.000000,268.416667,130.158690,145.742968,161.327246
"UBR-CA",20260703,966600.000000,268.500000,122.254110,138.803098,155.352086
"UBR-CA",20260703,966900.000000,268.583333,120.036018,134.869771,149.703524
"UBR-CA",20260703,967200.000000,268.666667,118.583051,130.353212,142.123373
"UBR-CA",20260703,967500.000000,268.750000,117.174497,125.080899,132.987302
"UBR-CA",20260703,967800.000000,268.833333,112.575739,121.917458,131.259176
"UBR-CA",20260703,968100.000000,268.916667,107.781690,117.677388,127.573086
"UBR-CA",20260703,968400.000000,269.000000,105.550167,113.715093,121.880019
"UBR-CA",20260703,968700.000000,269.083333,103.441887,113.600901,123.759916
"UBR-CA",20260703,969000.000000,269.166667,104.476390,111.420432,118.364475
"UBR-CA",20260703,969300.000000,269.250000,97.870739,105.428289,112.985840
"UBR-CA",20260703,969600.000000,269.333333,93.317911,101.486757,109.655604
"UBR-CA",20260703,969900.000000,269.416667,89.702440,99.202617,108.702794
"UBR-CA",20260703,970200.000000,269.500000,85.466787,96.874093,108.281399
"UBR-CA",20260703,970500.000000,269.583333,78.716679,89.534665,100.352650
"UBR-CA",20260703,970800.000000,269.666667,75.495019,84.514889,93.534760
"UBR-CA",20260703,971100.000000,269.750000,74.740733,81.507424,88.274116
"UBR-CA",20260703,971400.000000,269.833333,70.220585,76.091506,81.962426
"UBR-CA",20260703,971700.000000,269.916667,65.938577,71.400611,76.862645
"UBR-CA",20260703,972000.000000,270.000000,61.232267,66.817415,72.402563
"UBR-CA",20260703,972300.000000,270.083333,57.399360,61.308631,65.217902
"UBR-CA",20260703,972600.000000,270.166667,52.991574,56.533506,60.075437
"UBR-CA",20260703,972900.000000,270.250000,47.066068,51.916887,56.767706
"UBR-CA",20260703,973200.000000,270.333333,45.072619,47.927729,50.782839
"UBR-CA",20260703,973500.000000,270.416667,40.949820,42.048689,43.147558
"UBR-CA",20260703,973800.000000,270.500000,36.736979,38.087549,39.438119
"UBR-CA",20260703,974100.000000,270.583333,32.817027,34.641926,36.466825
"UBR-CA",20260703,974400.000000,270.666667,25.384070,29.717631,34.051192
"UBR-CA",20260703,974700.000000,270.750000,21.161514,25.906247,30.650980
"UBR-CA",20260703,975000.000000,270.833333,23.873869,25.481099,27.088330
"UBR-CA",20260703,975300.000000,270.916667,21.116033,22.576961,24.037890
"UBR-CA",20260703,975600.000000,271.000000,20.422637,21.207241,21.991845
"UBR-CA",20260703,975900.000000,271.083333,17.665405,19.716181,21.766956
"UBR-CA",20260703,976200.000000,271.166667,18.424416,20.224285,22.024155
"UBR-CA",20260703,976500.000000,271.250000,19.934824,20.410427,20.886031
"UBR-CA",20260703,976800.000000,271.333333,17.455299,19.104247,20.753195
"UBR-CA",20260703,977100.000000,271.416667,13.355351,13.574317,13.793283
"UBR-CA",20260703,977400.000000,271.500000,9.029699,23.956004,52.000000
"UBR-CA",20260703,977700.000000,271.583333,10.729006,26.203032,56.000000
"UBR-CA",20260703,978000.000000,271.666667,11.702123,28.565428,59.265154
"UBR-CA",20260703,978300.000000,271.750000,10.237140,30.194127,61.616235
"UBR-CA",20260703,978600.000000,271.833333,14.237140,31.922391,58.801027
"UBR-CA",20260703,978900.000000,271.916667,18.237140,34.215868,57.681457
"UBR-CA",20260703,979200.000000,272.000000,22.237140,36.536323,57.654026
"UBR-CA",20260703,979500.000000,272.083333,26.237140,39.779970,60.066651
"UBR-CA",20260703,979800.000000,272.166667,29.699832,43.600868,64.066651
"UBR-CA",20260703,980100.000000,272.250000,33.694349,47.054380,67.271994
"UBR-CA",20260703,980400.000000,272.333333,37.694349,49.960525,69.616286
"UBR-CA",20260703,980700.000000,272.416667,41.694349,52.698792,71.778589
"UBR-CA",20260703,981000.000000,272.500000,45.694349,56.207424,75.764116
"UBR-CA",20260703,981300.000000,272.583333,49.694349,58.318918,74.098600
"UBR-CA",20260703,981600.000000,272.666667,53.694349,60.247637,71.884756
"UBR-CA",20260703,981900.000000,272.750000,54.164782,62.082391,72.918585
"UBR-CA",20260703,982200.000000,272.833333,55.584453,64.037526,74.820122
"UBR-CA",20260703,982500.000000,272.916667,59.584453,67.557650,77.505762
"UBR-CA",20260703,982800.000000,273.000000,63.584453,70.641670,78.757822
"UBR-CA",20260703,983100.000000,273.083333,65.915558,72.674651,79.666373
"UBR-CA",20260703,983400.000000,273.166667,67.388015,74.976215,83.666373
"UBR-CA",20260703,983700.000000,273.250000,71.304321,77.787040,87.666373
"UBR-CA",20260703,984000.000000,273.333333,75.304321,81.787040,91.666373
"UBR-CA",20260703,984300.000000,273.416667,78.708487,85.512673,95.439106
"UBR-CA",20260703,984600.000000,273.500000,81.229930,88.346682,97.419689
"UBR-CA",20260703,984900.000000,273.583333,83.698758,91.016945,98.961652
"UBR-CA",20260703,985200.000000,273.666667,85.050606,93.126949,99.939814
"UBR-CA",20260703,985500.000000,273.750000,87.215501,95.938780,102.210414
"UBR-CA",20260703,985800.000000,273.833333,90.693099,99.764647,106.210414
"UBR-CA",20260703,986100.000000,273.916667,91.491828,102.369249,110.210414
"UBR-CA",20260703,986400.000000,274.000000,95.112234,105.830826,113.629150
"UBR-CA",20260703,986700.000000,274.083333,96.527247,107.889155,117.073929
"UBR-CA",20260703,987000.000000,274.166667,99.603033,111.082962,121.073929
"UBR-CA",20260703,987300.000000,274.250000,103.603033,114.074034,123.611457
"UBR-CA",20260703,987600.000000,274.333333,107.603033,117.156100,125.593975
"UBR-CA",20260703,987900.000000,274.416667,111.603033,119.264534,124.182888
"UBR-CA",20260703,988200.000000,274.500000,112.997546,120.305467,125.383267
"UBR-CA",20260703,988500.000000,274.583333,116.997546,123.178495,128.070918
"UBR-CA",20260703,988800.000000,274.666667,120.997546,127.178495,132.070918
"UBR-CA",20260703,989100.000000,274.750000,124.997546,131.178495,136.070918
"UBR-CA",20260703,989400.000000,274.833333,128.854072,135.130670,140.070918
"UBR-CA",20260703,989700.000000,274.916667,132.854072,139.130670,144.070918
"UBR-CA",20260703,990000.000000,275.000000,136.854072,142.942558,148.070918
"UBR-CA",20260703,990300.000000,275.083333,139.743421,146.572341,152.070918
"UBR-CA",20260703,990600.000000,275.166667,142.706965,150.226856,156.070918
"UBR-CA",20260703,990900.000000,275.250000,146.706965,154.226856,160.070918
"UBR-CA",20260703,991200.000000,275.333333,150.083087,158.018896,164.070918
"UBR-CA",20260703,991500.000000,275.416667,154.083087,161.438973,168.070918
"UBR-CA",20260703,991800.000000,275.500000,158.083087,165.015763,170.801286
"UBR-CA",20260703,992100.000000,275.583333,161.846214,168.250354,172.741932
"UBR-CA",20260703,992400.000000,275.666667,165.846214,172.081102,176.234178
"UBR-CA",20260703,992700.000000,275.750000,169.846214,176.081102,180.234178
"UBR-CA",20260703,993000.000000,275.833333,173.846214,179.544755,182.625136
"UBR-CA",20260703,993300.000000,275.916667,177.846214,183.544755,186.625136
"UBR-CA",20260703,993600.000000,276.000000,181.846214,187.544755,190.625136
"UBR-CA",20260703,993900.000000,276.083333,185.846214,191.366621,194.162915
"UBR-CA",20260703,994200.000000,276.166667,189.211583,193.873138,196.674776
"UBR-CA",20260703,994500.000000,276.250000,192.028259,197.478697,200.674776
"UBR-CA",20260703,994800.000000,276.333333,194.345012,200.394035,203.733056
"UBR-CA",20260703,995100.000000,276.416667,196.204329,203.296919,207.733056
"UBR-CA",20260703,995400.000000,276.500000,200.204329,207.148145,211.733056
"UBR-CA",20260703,995700.000000,276.583333,204.204329,210.252071,213.507048
"UBR-CA",20260703,996000.000000,276.666667,208.204329,213.228976,217.386130
"UBR-CA",20260703,996300.000000,276.750000,211.168677,216.696345,220.823889
"UBR-CA",20260703,996600.000000,276.833333,213.855310,220.258556,224.823889
"UBR-CA",20260703,996900.000000,276.916667,217.855310,223.950822,228.823889
"UBR-CA",20260703,997200.000000,277.000000,221.855310,227.509089,232.350789
"UBR-CA",20260703,997500.000000,277.083333,222.579797,230.143156,235.528503
"UBR-CA",20260703,997800.000000,277.166667,226.579797,233.411091,237.332307
"UBR-CA",20260703,998100.000000,277.250000,230.579797,237.062107,240.321168
"UBR-CA",20260703,998400.000000,277.333333,234.579797,241.062107,244.321168
"UBR-CA",20260703,998700.000000,277.416667,238.579797,245.022782,248.321168
"UBR-CA",20260703,999000.000000,277.500000,242.579797,249.022782,252.321168
"UBR-CA",20260703,999300.000000,277.583333,246.579797,252.969986,256.167381
"UBR-CA",20260703,999600.000000,277.666667,249.246460,256.525541,260.167381
"UBR-CA",20260703,999900.000000,277.750000,253.246460,260.355648,264.162781
"UBR-CA",20260703,1000200.000000,277.833333,257.246460,264.355648,268.162781
"UBR-CA",20260703,1000500.000000,277.916667,261.246460,268.355648,272.162781
"UBR-CA",20260703,1000800.000000,278.000000,265.246460,272.355648,276.162781
"UBR-CA",20260703,1001100.000000,278.083333,268.756483,276.192322,280.162781
"UBR-CA",20260703,1001400.000000,278.166667,272.756483,278.459632,284.162781
"UBR-CA",20260703,1001700.000000,278.250000,274.272436,280.936812,287.601187
"UBR-CA",20260703,1002000.000000,278.333333,278.272436,282.419495,286.566553
"UBR-CA",20260703,1002300.000000,278.416667,280.409346,284.204673,288.000000
"UBR-CA",20260703,1002600.000000,278.500000,284.062712,286.031356,288.000000
"UBR-CA",20260703,1002900.000000,278.583333,287.150302,287.575151,288.000000
"UBR-CA",20260703,1003200.000000,278.666667,288.000000,288.000000,288.000000
"UBR-CA",20260703,1003500.000000,278.750000,287.890075,287.945037,288.000000
"UBR-CA",20260703,1003800.000000,278.833333,288.000000,288.000000,288.000000
"UBR-CA",20260703,1004100.000000,278.916667,288.000000,288.000000,288.000000
"UBR-CA",20260703,1004400.000000,279.000000,288.000000,288.000000,288.000000
"UBR-CA",20260703,1004700.000000,279.083333,287.525351,287.762676,288.000000
"UBR-CA",20260703,1005000.000000,279.166667,288.000000,288.000000,288.000000
"UBR-CA",20260703,1005300.000000,279.250000,288.000000,288.000000,288.000000
"UBR-CA",20260703,1005600.000000,279.333333,288.000000,288.000000,288.000000
"UBR-CA",20260703,1005900.000000,279.416667,288.000000,288.000000,288.000000
"UBR-CA",20260703,1006200.000000,279.500000,288.000000,288.000000,288.000000
"UBR-CA",20260703,1006500.000000,279.583333,288.000000,288.000000,288.000000
"UBR-CA",20260703,1006800.000000,279.666667,287.086077,287.543038,288.000000
"UBR-CA",20260703,1007100.000000,279.750000,286.879570,287.439785,288.000000
"UBR-CA",20260703,1007400.000000,279.833333,286.992567,287.496283,288.000000
"UBR-CA",20260703,1007700.000000,279.916667,288.000000,288.000000,288.000000
"UBR-CA",20260703,1008000.000000,280.000000,288.000000,288.000000,288.000000
"UBR-CA",20260703,1008300.000000,280.083333,288.000000,288.000000,288.000000
"UBR-CA",20260703,1008600.000000,280.166667,286.789253,287.394626,288.000000
"UBR-CA",20260703,1008900.000000,280.250000,284.597702,286.298851,288.000000
"UBR-CA",20260703,1009200.000000,280.333333,282.188273,285.094137,288.000000
"UBR-CA",20260703,1009500.000000,280.416667,284.844589,286.422295,288.000000
"UBR-CA",20260703,1009800.000000,280.500000,286.484727,287.242363,288.000000
"UBR-CA",20260703,1010100.000000,280.583333,288.000000,288.000000,288.000000
"UBR-CA",20260703,1010400.000000,280.666667,288.000000,288.000000,288.000000
"UBR-CA",20260703,1010700.000000,280.750000,288.000000,288.000000,288.000000
"UBR-CA",20260703,1011000.000000,280.833333,288.000000,288.000000,288.000000
"UBR-CA",20260703,1011300.000000,280.916667,288.000000,288.000000,288.000000
"UBR-CA",20260703,1011600.000000,281.000000,288.000000,288.000000,288.000000
"UBR-CA",20260703,1011900.000000,281.083333,285.008556,286.504278,288.000000
"UBR-CA",20260703,1012200.000000,281.166667,285.061609,286.530804,288.000000
"UBR-CA",20260703,1012500.000000,281.250000,286.378504,287.189252,288.000000
"UBR-CA",20260703,1012800.000000,281.333333,286.090851,287.045425,288.000000
"UBR-CA",20260703,1013100.000000,281.416667,288.000000,288.000000,288.000000
"UBR-CA",20260703,1013400.000000,281.500000,288.000000,288.000000,288.000000
"UBR-CA",20260703,1013700.000000,281.583333,288.000000,288.000000,288.000000
"UBR-CA",20260703,1014000.000000,281.666667,288.000000,288.000000,288.000000
"UBR-CA",20260703,1014300.000000,281.750000,288.000000,288.000000,288.000000
"UBR-CA",20260703,1014600.000000,281.833333,288.000000,288.000000,288.000000
"UBR-CA",20260703,1014900.000000,281.916667,288.000000,288.000000,288.000000
"UBR-CA",20260703,1015200.000000,282.000000,288.000000,288.000000,288.000000
"UBR-CA",20260703,1015500.000000,282.083333,288.000000,288.000000,288.000000
"UBR-CA",20260703,1015800.000000,282.166667,288.000000,288.000000,288.000000
"UBR-CA",20260703,1016100.000000,282.250000,288.000000,288.000000,288.000000
"UBR-CA",20260703,1016400.000000,282.333333,288.000000,288.000000,288.000000
"UBR-CA",20260703,1016700.000000,282.416667,288.000000,288.000000,288.000000
"UBR-CA",20260703,1017000.000000,282.500000,288.000000,288.000000,288.000000
"UBR-CA",20260703,1017300.000000,282.583333,288.000000,288.000000,288.000000
"UBR-CA",20260703,1017600.000000,282.666667,288.000000,288.000000,288.000000
"UBR-CA",20260703,1017900.000000,282.750000,288.000000,288.000000,288.000000
"UBR-CA",20260703,1018200.000000,282.833333,288.000000,288.000000,288.000000
"UBR-CA",20260703,1018500.000000,282.916667,288.000000,288.000000,288.000000
"UBR-CA",20260703,1018800.000000,283.000000,288.000000,288.000000,288.000000
"UBR-CA",20260703,1019100.000000,283.083333,288.000000,288.000000,288.000000
"UBR-CA",20260703,1019400.000000,283.166667,288.000000,288.000000,288.000000
"UBR-CA",20260703,1019700.000000,283.250000,284.508484,286.254242,288.000000
"UBR-CA",20260703,1020000.000000,283.333333,280.993175,284.496588,288.000000
"UBR-CA",20260703,1020300.000000,283.416667,280.262805,284.131402,288.000000
"UBR-CA",20260703,1020600.000000,283.500000,282.157985,284.017120,285.876256
"UBR-CA",20260703,1020900.000000,283.583333,284.775652,285.466818,286.157985
"UBR-CA",20260703,1021200.000000,283.666667,285.601637,286.800818,288.000000
"UBR-CA",20260703,1021500.000000,283.750000,286.333475,287.166738,288.000000
"UBR-CA",20260703,1021800.000000,283.833333,286.351870,287.175935,288.000000
"UBR-CA",20260703,1022100.000000,283.916667,286.286855,287.143428,288.000000
"UBR-CA",20260703,1022400.000000,284.000000,285.881313,286.940656,288.000000
"UBR-CA",20260703,1022700.000000,284.083333,284.880923,286.440462,288.000000
"UBR-CA",20260703,1023000.000000,284.166667,286.415643,287.207821,288.000000
"UBR-CA",20260703,1023300.000000,284.250000,288.000000,288.000000,288.000000
"UBR-CA",20260703,1023600.000000,284.333333,288.000000,288.000000,288.000000
"UBR-CA",20260703,1023900.000000,284.416667,288.000000,288.000000,288.000000
"UBR-CA",20260703,1024200.000000,284.500000,288.000000,288.000000,288.000000
"UBR-CA",20260703,1024500.000000,284.583333,287.954052,287.977026,288.000000
"UBR-CA",20260703,1024800.000000,284.666667,288.000000,288.000000,288.000000
"UBR-CA",20260703,1025100.000000,284.750000,288.000000,288.000000,288.000000
"UBR-CA",20260703,1025400.000000,284.833333,288.000000,288.000000,288.000000
"UBR-CA",20260703,1025700.000000,284.916667,287.653712,287.826856,288.000000
"UBR-CA",20260703,1026000.000000,285.000000,288.000000,288.000000,288.000000
"UBR-CA",20260703,1026300.000000,285.083333,288.000000,288.000000,288.000000
"UBR-CA",20260703,1026600.000000,285.166667,288.000000,288.000000,288.000000
"UBR-CA",20260703,1026900.000000,285.250000,288.000000,288.000000,288.000000
"UBR-CA",20260703,1027200.000000,285.333333,287.864812,287.932406,288.000000
"UBR-CA",20260703,1027500.000000,285.416667,288.000000,288.000000,288.000000
"UBR-CA",20260703,1027800.000000,285.500000,288.000000,288.000000,288.000000
"UBR-CA",20260703,1028100.000000,285.583333,288.000000,288.000000,288.000000
"UBR-CA",20260703,1028400.000000,285.666667,288.000000,288.000000,288.000000
"UBR-CA",20260703,1028700.000000,285.750000,288.000000,288.000000,288.000000
"UBR-CA",20260703,1029000.000000,285.833333,288.000000,288.000000,288.000000
"UBR-CA",20260703,1029300.000000,285.916667,288.000000,288.000000,288.000000
"UBR-CA",20260703,1029600.000000,286.000000,288.000000,288.000000,288.000000
"UBR-CA",20260703,1029900.000000,286.083333,288.000000,288.000000,288.000000
"UBR-CA",20260703,1030200.000000,286.166667,288.000000,288.000000,288.000000
"UBR-CA",20260703,1030500.000000,286.250000,288.000000,288.000000,288.000000
"UBR-CA",20260703,1030800.000000,286.333333,288.000000,288.000000,288.000000
"UBR-CA",20260703,1031100.000000,286.416667,288.000000,288.000000,288.000000
"UBR-CA",20260703,1031400.000000,286.500000,288.000000,288.000000,288.000000
"UBR-CA",20260703,1031700.000000,286.583333,288.000000,288.000000,288.000000
"UBR-CA",20260703,1032000.000000,286.666667,288.000000,288.000000,288.000000
"UBR-CA",20260703,1032300.000000,286.750000,288.000000,288.000000,288.000000
"UBR-CA",20260703,1032600.000000,286.833333,288.000000,288.000000,288.000000
"UBR-CA",20260703,1032900.000000,286.916667,288.000000,288.000000,288.000000
"UBR-CA",20260703,1033200.000000,287.000000,288.000000,288.000000,288.000000
"UBR-CA",20260703,1033500.000000,287.083333,288.000000,288.000000,288.000000
"UBR-CA",20260703,1033800.000000,287.166667,288.000000,288.000000,288.000000
"UBR-CA",20260703,1034100.000000,287.250000,288.000000,288.000000,288.000000
"UBR-CA",20260703,1034400.000000,287.333333,288.000000,288.000000,288.000000
"UBR-CA",20260703,1034700.000000,287.416667,288.000000,288.000000,288.000000
"UBR-CA",20260703,1035000.000000,287.500000,288.000000,288.000000,288.000000
"UBR-CA",20260703,1035300.000000,287.583333,288.000000,288.000000,288.000000
"UBR-CA",20260703,1035600.000000,287.666667,288.000000,288.000000,288.000000
"UBR-CA",20260703,1035900.000000,287.750000,288.000000,288.000000,288.000000
"UBR-CA",20260703,1036200.000000,287.833333,288.000000,288.000000,288.000000
"UBR-CA",20260703,1036500.000000,287.916667,288.000000,288.000000,288.000000
"UBR-CA",20260703,1036800.000000,288.000000,288.000000,288.000000,288.000000
"UBR-CA",20260703,1037100.000000,288.083333,288.000000,288.000000,288.000000
"UBR-CA",20260703,1037400.000000,288.166667,285.767815,286.883907,288.000000
"UBR-CA",20260703,1037700.000000,288.250000,286.653022,287.326511,288.000000
"UBR-CA",20260703,1038000.000000,288.333333,285.385462,286.692731,288.000000
"UBR-CA",20260703,1038300.000000,288.416667,288.000000,288.000000,288.000000
"UBR-CA",20260703,1038600.000000,288.500000,288.000000,288.000000,288.000000
"UBR-CA",20260703,1038900.000000,288.583333,288.000000,288.000000,288.000000
"UBR-CA",20260703,1039200.000000,288.666667,288.000000,288.000000,288.000000
"UBR-CA",20260703,1039500.000000,288.750000,288.000000,288.000000,288.000000
"UBR-CA",20260703,1039800.000000,288.833333,288.000000,288.000000,288.000000
"UBR-CA",20260703,1040100.000000,288.916667,288.000000,288.000000,288.000000
"UBR-CA",20260703,1040400.000000,289.000000,288.000000,288.000000,288.000000
"UBR-CA",20260703,1040700.000000,289.083333,288.000000,288.000000,288.000000
"UBR-CA",20260703,1041000.000000,289.166667,288.000000,288.000000,288.000000
"UBR-CA",20260703,1041300.000000,289.250000,288.000000,288.000000,288.000000
"UBR-CA",20260703,1041600.000000,289.333333,288.000000,288.000000,288.000000
"UBR-CA",20260703,1041900.000000,289.416667,288.000000,288.000000,288.000000
"UBR-CA",20260703,1042200.000000,289.500000,288.000000,288.000000,288.000000
"UBR-CA",20260703,1042500.000000,289.583333,287.120360,287.560180,288.000000
"UBR-CA",20260703,1042800.000000,289.666667,288.000000,288.000000,288.000000
"UBR-CA",20260703,1043100.000000,289.750000,288.000000,288.000000,288.000000
"UBR-CA",20260703,1043400.000000,289.833333,288.000000,288.000000,288.000000
"UBR-CA",20260703,1043700.000000,289.916667,288.000000,288.000000,288.000000
"UBR-CA",20260703,1044000.000000,290.000000,288.000000,288.000000,288.000000
"UBR-CA",20260703,1044300.000000,290.083333,288.000000,288.000000,288.000000
"UBR-CA",20260703,1044600.000000,290.166667,288.000000,288.000000,288.000000
"UBR-CA",20260703,1044900.000000,290.250000,288.000000,288.000000,288.000000
"UBR-CA",20260703,1045200.000000,290.333333,288.000000,288.000000,288.000000
"UBR-CA",20260703,1045500.000000,290.416667,288.000000,288.000000,288.000000
"UBR-CA",20260703,1045800.000000,290.500000,288.000000,288.000000,288.000000
"UBR-CA",20260703,1046100.000000,290.583333,287.883390,287.941695,288.000000
"UBR-CA",20260703,1046400.000000,290.666667,287.664658,287.832329,288.000000
"UBR-CA",20260703,1046700.000000,290.750000,288.000000,288.000000,288.000000
"UBR-CA",20260703,1047000.000000,290.833333,288.000000,288.000000,288.000000
"UBR-CA",20260703,1047300.000000,290.916667,288.000000,288.000000,288.000000
"UBR-CA",20260703,1047600.000000,291.000000,288.000000,288.000000,288.000000
"UBR-CA",20260703,1047900.000000,291.083333,288.000000,288.000000,288.000000
"UBR-CA",20260703,1048200.000000,291.166667,288.000000,288.000000,288.000000
"UBR-CA",20260703,1048500.000000,291.250000,288.000000,288.000000,288.000000
"UBR-CA",20260703,1048800.000000,291.333333,288.000000,288.000000,288.000000
"UBR-CA",20260703,1049100.000000,291.416667,288.000000,288.000000,288.000000
"UBR-CA",20260703,1049400.000000,291.500000,287.243417,287.621708,288.000000
"UBR-CA",20260703,1049700.000000,291.583333,280.555565,280.555565,280.555565
"UBR-CA",20260703,1050000.000000,291.666667,273.631140,273.631140,273.631140
"UBR-CA",20260703,1050300.000000,291.750000,263.537559,263.537559,263.537559
"UBR-CA",20260703,1050600.000000,291.833333,257.815437,257.815437,257.815437
"UBR-CA",20260703,1050900.000000,291.916667,253.123792,253.123792,253.123792
"UBR-CA",20260703,1051200.000000,292.000000,247.152584,247.152584,247.152584
"UBR-CA",20260703,1051500.000000,292.083333,240.596572,240.596572,240.596572
"UBR-CA",20260703,1051800.000000,292.166667,230.486855,230.486855,230.486855
"UBR-CA",20260703,1052100.000000,292.250000,220.053505,220.053505,220.053505
"UBR-CA",20260703,1052400.000000,292.333333,213.306728,213.306728,213.306728
"UBR-CA",20260703,1052700.000000,292.416667,206.564868,206.564868,206.564868
"UBR-CA",20260703,1053000.000000,292.500000,195.177194,195.177194,195.177194
"UBR-CA",20260703,1053300.000000,292.583333,184.210042,184.210042,184.210042
"UBR-CA",20260703,1053600.000000,292.666667,175.435530,175.435530,175.435530
"UBR-CA",20260703,1053900.000000,292.750000,170.608357,170.608357,170.608357
"UBR-CA",20260703,1054200.000000,292.833333,167.222142,167.222142,167.222142
"UBR-CA",20260703,1054500.000000,292.916667,161.119197,161.119197,161.119197
"UBR-CA",20260703,1054800.000000,293.000000,154.405012,154.405012,154.405012
"UBR-CA",20260703,1055100.000000,293.083333,149.856957,149.856957,149.856957
"UBR-CA",20260703,1055400.000000,293.166667,140.275308,140.275308,140.275308
"UBR-CA",20260703,1055700.000000,293.250000,134.085821,134.085821,134.085821
"UBR-CA",20260703,1056000.000000,293.333333,123.252353,123.252353,123.252353
"UBR-CA",20260703,1056300.000000,293.416667,114.938775,114.938775,114.938775
"UBR-CA",20260703,1056600.000000,293.500000,111.660109,111.660109,111.660109
"UBR-CA",20260703,1056900.000000,293.583333,108.612999,108.612999,108.612999
"UBR-CA",20260703,1057200.000000,293.666667,104.027904,104.027904,104.027904
"UBR-CA",20260703,1057500.000000,293.750000,95.903321,95.903321,95.903321
"UBR-CA",20260703,1057800.000000,293.833333,86.134210,86.134210,86.134210
"UBR-CA",20260703,1058100.000000,293.916667,75.853829,75.853829,75.853829
"UBR-CA",20260703,1058400.000000,294.000000,70.274753,70.274753,70.274753
"UBR-CA",20260703,1058700.000000,294.083333,64.689592,64.689592,64.689592
"UBR-CA",20260703,1059000.000000,294.166667,57.583983,57.583983,57.583983
"UBR-CA",20260703,1059300.000000,294.250000,46.493721,46.493721,46.493721
"UBR-CA",20260703,1059600.000000,294.333333,35.663327,35.663327,35.663327
"UBR-CA",20260703,1059900.000000,294.416667,31.278599,31.278599,31.278599
"UBR-CA",20260703,1060200.000000,294.500000,26.860759,26.860759,26.860759
"UBR-CA",20260703,1060500.000000,294.583333,25.577828,25.577828,25.577828
"UBR-CA",20260703,1060800.000000,294.666667,19.508390,19.508390,19.508390
"UBR-CA",20260703,1061100.000000,294.750000,15.719125,33.859563,52.000000
"UBR-CA",20260703,1061400.000000,294.833333,15.880361,35.940180,56.000000
"UBR-CA",20260703,1061700.000000,294.916667,19.880361,39.940180,60.000000
"UBR-CA",20260703,1062000.000000,295.000000,20.982628,42.491314,64.000000
"UBR-CA",20260703,1062300.000000,295.083333,22.779395,44.915635,67.051875
"UBR-CA",20260703,1062600.000000,295.166667,26.560643,48.309877,70.059112
"UBR-CA",20260703,1062900.000000,295.250000,30.560643,51.855529,73.150415
"UBR-CA",20260703,1063200.000000,295.333333,34.560643,54.080662,73.600681
"UBR-CA",20260703,1063500.000000,295.416667,38.560643,58.080662,77.600681
"UBR-CA",20260703,1063800.000000,295.500000,42.560643,61.952147,81.343652
"UBR-CA",20260703,1064100.000000,295.583333,45.906897,65.625274,85.343652
"UBR-CA",20260703,1064400.000000,295.666667,49.906897,69.625274,89.343652
"UBR-CA",20260703,1064700.000000,295.750000,53.906897,73.303799,92.700702
"UBR-CA",20260703,1065000.000000,295.833333,57.906897,76.240721,94.574544
"UBR-CA",20260703,1065300.000000,295.916667,61.906897,80.240721,98.574544
"UBR-CA",20260703,1065600.000000,296.000000,65.767366,84.170955,102.574544
"UBR-CA",20260703,1065900.000000,296.083333,67.630682,87.102613,106.574544
"UBR-CA",20260703,1066200.000000,296.166667,71.630682,90.681813,109.732945
"UBR-CA",20260703,1066500.000000,296.250000,75.376857,94.554901,113.732945
"UBR-CA",20260703,1066800.000000,296.333333,79.376857,98.554901,117.732945
"UBR-CA",20260703,1067100.000000,296.416667,80.602317,101.131078,121.659838
"UBR-CA",20260703,1067400.000000,296.500000,84.602317,102.881203,121.160089
"UBR-CA",20260703,1067700.000000,296.583333,87.557628,105.017152,122.476675
"UBR-CA",20260703,1068000.000000,296.666667,91.557628,108.053638,124.549647
"UBR-CA",20260703,1068300.000000,296.750000,95.557628,110.513862,125.470096
"UBR-CA",20260703,1068600.000000,296.833333,99.557628,111.957642,124.357656
"UBR-CA",20260703,1068900.000000,296.916667,102.910262,114.332777,125.755293
"UBR-CA",20260703,1069200.000000,297.000000,105.249034,116.997611,128.746188
"UBR-CA",20260703,1069500.000000,297.083333,108.350310,119.973337,131.596363
"UBR-CA",20260703,1069800.000000,297.166667,111.066981,123.331672,135.596363
"UBR-CA",20260703,1070100.000000,297.250000,113.919660,126.758012,139.596363
"UBR-CA",20260703,1070400.000000,297.333333,117.046153,130.321258,143.596363
"UBR-CA",20260703,1070700.000000,297.416667,118.366538,132.981450,147.596363
"UBR-CA",20260703,1071000.000000,297.500000,122.366538,136.981450,151.596363
"UBR-CA",20260703,1071300.000000,297.583333,126.366538,140.981450,155.596363
"UBR-CA",20260703,1071600.000000,297.666667,130.366538,144.981450,159.596363
"UBR-CA",20260703,1071900.000000,297.750000,134.366538,147.183797,160.001056
"UBR-CA",20260703,1072200.000000,297.833333,138.366538,150.512213,162.657888
"UBR-CA",20260703,1072500.000000,297.916667,142.366538,154.424883,166.483228
"UBR-CA",20260703,1072800.000000,298.000000,146.366538,158.068292,169.770046
"UBR-CA",20260703,1073100.000000,298.083333,150.366538,159.955152,169.543767
"UBR-CA",20260703,1073400.000000,298.166667,165.627267,165.627267,165.627267
"UBR-CA",20260703,1073700.000000,298.250000,165.151264,165.151264,165.151264
"UBR-CA",20260703,1074000.000000,298.333333,163.144813,163.144813,163.144813
"UBR-CA",20260703,1074300.000000,298.416667,159.104208,159.104208,159.104208
"UBR-CA",20260703,1074600.000000,298.500000,155.497142,155.497142,155.497142
"UBR-CA",20260703,1074900.000000,298.583333,149.975510,149.975510,149.975510
"UBR-CA",20260703,1075200.000000,298.666667,145.109663,145.109663,145.109663
"UBR-CA",20260703,1075500.000000,298.750000,144.812905,144.812905,144.812905
"UBR-CA",20260703,1075800.000000,298.833333,146.146621,146.146621,146.146621
"UBR-CA",20260703,1076100.000000,298.916667,145.679258,145.679258,145.679258
"UBR-CA",20260703,1076400.000000,299.000000,144.239984,144.239984,144.239984
"UBR-CA",20260703,1076700.000000,299.083333,140.751151,140.751151,140.751151
"UBR-CA",20260703,1077000.000000,299.166667,136.273023,136.273023,136.273023
"UBR-CA",20260703,1077300.000000,299.250000,137.744959,137.744959,137.744959
"UBR-CA",20260703,1077600.000000,299.333333,136.330220,136.330220,136.330220
"UBR-CA",20260703,1077900.000000,299.416667,134.023966,134.023966,134.023966
"UBR-CA",20260703,1078200.000000,299.500000,132.750278,132.750278,132.750278
"UBR-CA",20260703,1078500.000000,299.583333,130.426689,130.426689,130.426689
"UBR-CA",20260703,1078800.000000,299.666667,130.358005,130.358005,130.358005
"UBR-CA",20260703,1079100.000000,299.750000,128.006676,128.006676,128.006676
"UBR-CA",20260703,1079400.000000,299.833333,123.804578,123.804578,123.804578
"UBR-CA",20260703,1079700.000000,299.916667,121.511941,121.511941,121.511941
"UBR-CA",20260703,1080000.000000,300.000000,118.912987,118.912987,118.912987
"UBR-CA",20260703,1080300.000000,300.083333,117.540040,117.540040,117.540040
"UBR-CA",20260703,1080600.000000,300.166667,117.720389,117.720389,117.720389
"UBR-CA",20260703,1080900.000000,300.250000,116.455599,116.455599,116.455599
"UBR-CA",20260703,1081200.000000,300.333333,112.914051,112.914051,112.914051
"UBR-CA",20260703,1081500.000000,300.416667,107.840027,107.840027,107.840027
"UBR-CA",20260703,1081800.000000,300.500000,105.389367,105.389367,105.389367
"UBR-CA",20260703,1082100.000000,300.583333,100.723956,100.723956,100.723956
"UBR-CA",20260703,1082400.000000,300.666667,96.146459,96.146459,96.146459
"UBR-CA",20260703,1082700.000000,300.750000,95.427371,95.427371,95.427371
"UBR-CA",20260703,1083000.000000,300.833333,91.637926,91.637926,91.637926
"UBR-CA",20260703,1083300.000000,300.916667,93.219099,93.219099,93.219099
"UBR-CA",20260703,1083600.000000,301.000000,96.769347,96.769347,96.769347
"UBR-CA",20260703,1083900.000000,301.083333,98.778395,98.778395,98.778395
"UBR-CA",20260703,1084200.000000,301.166667,100.537634,100.537634,100.537634
"UBR-CA",20260703,1084500.000000,301.250000,101.983777,101.983777,101.983777
"UBR-CA",20260703,1084800.000000,301.333333,103.518876,103.518876,103.518876
"UBR-CA",20260703,1085100.000000,301.416667,107.518876,107.518876,107.518876
"UBR-CA",20260703,1085400.000000,301.500000,111.518876,111.518876,111.518876
"UBR-CA",20260703,1085700.000000,301.583333,113.463207,113.463207,113.463207
"UBR-CA",20260703,1086000.000000,301.666667,117.463207,117.463207,117.463207
"UBR-CA",20260703,1086300.000000,301.750000,121.463207,121.463207,121.463207
"UBR-CA",20260703,1086600.000000,301.833333,125.463207,125.463207,125.463207
"UBR-CA",20260703,1086900.000000,301.916667,129.463207,129.463207,129.463207
"UBR-CA",20260703,1087200.000000,302.000000,133.463207,133.463207,133.463207
"UBR-CA",20260703,1087500.000000,302.083333,137.463207,137.463207,137.463207
"UBR-CA",20260703,1087800.000000,302.166667,141.463207,141.463207,141.463207
"UBR-CA",20260703,1088100.000000,302.250000,145.463207,145.463207,145.463207
"UBR-CA",20260703,1088400.000000,302.333333,149.218223,149.218223,149.218223
"UBR-CA",20260703,1088700.000000,302.416667,153.218223,153.218223,153.218223
"UBR-CA",20260703,1089000.000000,302.500000,155.064365,155.064365,155.064365
"UBR-CA",20260703,1089300.000000,302.583333,156.929172,156.929172,156.929172
"UBR-CA",20260703,1089600.000000,302.666667,160.929172,160.929172,160.929172
"UBR-CA",20260703,1089900.000000,302.750000,164.929172,164.929172,164.929172
"UBR-CA",20260703,1090200.000000,302.833333,168.929172,168.929172,168.929172
"UBR-CA",20260703,1090500.000000,302.916667,172.486766,172.486766,172.486766
"UBR-CA",20260703,1090800.000000,303.000000,176.486766,176.486766,176.486766
"UBR-CA",20260703,1091100.000000,303.083333,180.486766,180.486766,180.486766
"UBR-CA",20260703,1091400.000000,303.166667,184.486766,184.486766,184.486766
"UBR-CA",20260703,1091700.000000,303.250000,187.127995,187.127995,187.127995
"UBR-CA",20260703,1092000.000000,303.333333,190.753649,190.753649,190.753649
"UBR-CA",20260703,1092300.000000,303.416667,194.120648,194.120648,194.120648
"UBR-CA",20260703,1092600.000000,303.500000,198.120648,198.120648,198.120648
"UBR-CA",20260703,1092900.000000,303.583333,202.120648,202.120648,202.120648
"UBR-CA",20260703,1093200.000000,303.666667,206.120648,206.120648,206.120648
"UBR-CA",20260703,1093500.000000,303.750000,209.502110,209.502110,209.502110
"UBR-CA",20260703,1093800.000000,303.833333,212.680681,212.680681,212.680681
"UBR-CA",20260703,1094100.000000,303.916667,216.680681,216.680681,216.680681
"UBR-CA",20260703,1094400.000000,304.000000,220.680681,220.680681,220.680681
"UBR-CA",20260703,1094700.000000,304.083333,224.680681,224.680681,224.680681
"UBR-CA",20260703,1095000.000000,304.166667,228.680681,228.680681,228.680681
"UBR-CA",20260703,1095300.000000,304.250000,232.680681,232.680681,232.680681
"UBR-CA",20260703,1095600.000000,304.333333,236.379316,236.379316,236.379316
"UBR-CA",20260703,1095900.000000,304.416667,240.152219,240.152219,240.152219
"UBR-CA",20260703,1096200.000000,304.500000,244.152219,244.152219,244.152219
"UBR-CA",20260703,1096500.000000,304.583333,248.152219,248.152219,248.152219
"UBR-CA",20260703,1096800.000000,304.666667,252.152219,252.152219,252.152219
"UBR-CA",20260703,1097100.000000,304.750000,256.152219,256.152219,256.152219
"UBR-CA",20260703,1097400.000000,304.833333,260.152219,260.152219,260.152219
"UBR-CA",20260703,1097700.000000,304.916667,259.860957,259.860957,259.860957
"UBR-CA",20260703,1098000.000000,305.000000,263.436396,263.436396,263.436396
"UBR-CA",20260703,1098300.000000,305.083333,267.058916,267.058916,267.058916
"UBR-CA",20260703,1098600.000000,305.166667,269.795378,269.795378,269.795378
"UBR-CA",20260703,1098900.000000,305.250000,273.795378,273.795378,273.795378
"UBR-CA",20260703,1099200.000000,305.333333,277.795378,277.795378,277.795378
"UBR-CA",20260703,1099500.000000,305.416667,281.021701,281.021701,281.021701
"UBR-CA",20260703,1099800.000000,305.500000,283.248943,283.248943,283.248943
"UBR-CA",20260703,1100100.000000,305.583333,286.771496,286.771496,286.771496
"UBR-CA",20260703,1100400.000000,305.666667,288.000000,288.000000,288.000000
"UBR-CA",20260703,1100700.000000,305.750000,288.000000,288.000000,288.000000
"UBR-CA",20260703,1101000.000000,305.833333,288.000000,288.000000,288.000000
"UBR-CA",20260703,1101300.000000,305.916667,288.000000,288.000000,288.000000
"UBR-CA",20260703,1101600.000000,306.000000,288.000000,288.000000,288.000000
"UBR-CA",20260703,1101900.000000,306.083333,288.000000,288.000000,288.000000
"UBR-CA",20260703,1102200.000000,306.166667,288.000000,288.000000,288.000000
"UBR-CA",20260703,1102500.000000,306.250000,288.000000,288.000000,288.000000
"UBR-CA",20260703,1102800.000000,306.333333,288.000000,288.000000,288.000000
"UBR-CA",20260703,1103100.000000,306.416667,288.000000,288.000000,288.000000
"UBR-CA",20260703,1103400.000000,306.500000,288.000000,288.000000,288.000000
"UBR-CA",20260703,1103700.000000,306.583333,288.000000,288.000000,288.000000
"UBR-CA",20260703,1104000.000000,306.666667,288.000000,288.000000,288.000000
"UBR-CA",20260703,1104300.000000,306.750000,288.000000,288.000000,288.000000
"UBR-CA",20260703,1104600.000000,306.833333,288.000000,288.000000,288.000000
"UBR-CA",20260703,1104900.000000,306.916667,288.000000,288.000000,288.000000
"UBR-CA",20260703,1105200.000000,307.000000,288.000000,288.000000,288.000000
"UBR-CA",20260703,1105500.000000,307.083333,288.000000,288.000000,288.000000
"UBR-CA",20260703,1105800.000000,307.166667,288.000000,288.000000,288.000000
"UBR-CA",20260703,1106100.000000,307.250000,288.000000,288.000000,288.000000
"UBR-CA",20260703,1106400.000000,307.333333,288.000000,288.000000,288.000000
"UBR-CA",20260703,1106700.000000,307.416667,288.000000,288.000000,288.000000
"UBR-CA",20260703,1107000.000000,307.500000,288.000000,288.000000,288.000000
"UBR-CA",20260703,1107300.000000,307.583333,288.000000,288.000000,288.000000
"UBR-CA",20260703,1107600.000000,307.666667,288.000000,288.000000,288.000000
"UBR-CA",20260703,1107900.000000,307.750000,288.000000,288.000000,288.000000
"UBR-CA",20260703,1108200.000000,307.833333,288.000000,288.000000,288.000000
"UBR-CA",20260703,1108500.000000,307.916667,288.000000,288.000000,288.000000
"UBR-CA",20260703,1108800.000000,308.000000,288.000000,288.000000,288.000000
"UBR-CA",20260703,1109100.000000,308.083333,288.000000,288.000000,288.000000
"UBR-CA",20260703,1109400.000000,308.166667,288.000000,288.000000,288.000000
"UBR-CA",20260703,1109700.000000,308.250000,288.000000,288.000000,288.000000
"UBR-CA",20260703,1110000.000000,308.333333,288.000000,288.000000,288.000000
"UBR-CA",20260703,1110300.000000,308.416667,288.000000,288.000000,288.000000
"UBR-CA",20260703,1110600.000000,308.500000,288.000000,288.000000,288.000000
"UBR-CA",20260703,1110900.000000,308.583333,288.000000,288.000000,288.000000
"UBR-CA",20260703,1111200.000000,308.666667,288.000000,288.000000,288.000000
"UBR-CA",20260703,1111500.000000,308.750000,288.000000,288.000000,288.000000
"UBR-CA",20260703,1111800.000000,308.833333,288.000000,288.000000,288.000000
"UBR-CA",20260703,1112100.000000,308.916667,288.000000,288.000000,288.000000
"UBR-CA",20260703,1112400.000000,309.000000,288.000000,288.000000,288.000000
"UBR-CA",20260703,1112700.000000,309.083333,288.000000,288.000000,288.000000
"UBR-CA",20260703,1113000.000000,309.166667,288.000000,288.000000,288.000000
"UBR-CA",20260703,1113300.000000,309.250000,288.000000,288.000000,288.000000
"UBR-CA",20260703,1113600.000000,309.333333,288.000000,288.000000,288.000000
"UBR-CA",20260703,1113900.000000,309.416667,288.000000,288.000000,288.000000
"UBR-CA",20260703,1114200.000000,309.500000,288.000000,288.000000,288.000000
"UBR-CA",20260703,1114500.000000,309.583333,288.000000,288.000000,288.000000
"UBR-CA",20260703,1114800.000000,309.666667,288.000000,288.000000,288.000000
"UBR-CA",20260703,1115100.000000,309.750000,288.000000,288.000000,288.000000
"UBR-CA",20260703,1115400.000000,309.833333,288.000000,288.000000,288.000000
"UBR-CA",20260703,1115700.000000,309.916667,288.000000,288.000000,288.000000
"UBR-CA",20260703,1116000.000000,310.000000,288.000000,288.000000,288.000000
"UBR-CA",20260703,1116300.000000,310.083333,288.000000,288.000000,288.000000
"UBR-CA",20260703,1116600.000000,310.166667,288.000000,288.000000,288.000000
"UBR-CA",20260703,1116900.000000,310.250000,288.000000,288.000000,288.000000
"UBR-CA",20260703,1117200.000000,310.333333,288.000000,288.000000,288.000000
"UBR-CA",20260703,1117500.000000,310.416667,288.000000,288.000000,288.000000
"UBR-CA",20260703,1117800.000000,310.500000,288.000000,288.000000,288.000000
"UBR-CA",20260703,1118100.000000,310.583333,288.000000,288.000000,288.000000
"UBR-CA",20260703,1118400.000000,310.666667,288.000000,288.000000,288.000000
"UBR-CA",20260703,1118700.000000,310.750000,288.000000,288.000000,288.000000
"UBR-CA",20260703,1119000.000000,310.833333,288.000000,288.000000,288.000000
"UBR-CA",20260703,1119300.000000,310.916667,288.000000,288.000000,288.000000
"UBR-CA",20260703,1119600.000000,311.000000,288.000000,288.000000,288.000000
"UBR-CA",20260703,1119900.000000,311.083333,288.000000,288.000000,288.000000
"UBR-CA",20260703,1120200.000000,311.166667,288.000000,288.000000,288.000000
"UBR-CA",20260703,1120500.000000,311.250000,288.000000,288.000000,288.000000
"UBR-CA",20260703,1120800.000000,311.333333,288.000000,288.000000,288.000000
"UBR-CA",20260703,1121100.000000,311.416667,288.000000,288.000000,288.000000
"UBR-CA",20260703,1121400.000000,311.500000,288.000000,288.000000,288.000000
"UBR-CA",20260703,1121700.000000,311.583333,288.000000,288.000000,288.000000
"UBR-CA",20260703,1122000.000000,311.666667,288.000000,288.000000,288.000000
"UBR-CA",20260703,1122300.000000,311.750000,288.000000,288.000000,288.000000
"UBR-CA",20260703,1122600.000000,311.833333,288.000000,288.000000,288.000000
"UBR-CA",20260703,1122900.000000,311.916667,288.000000,288.000000,288.000000
"UBR-CA",20260703,1123200.000000,312.000000,288.000000,288.000000,288.000000
"UBR-CA",20260703,1123500.000000,312.083333,288.000000,288.000000,288.000000
"UBR-CA",20260703,1123800.000000,312.166667,288.000000,288.000000,288.000000
"UBR-CA",20260703,1124100.000000,312.250000,288.000000,288.000000,288.000000
"UBR-CA",20260703,1124400.000000,312.333333,288.000000,288.000000,288.000000
"UBR-CA",20260703,1124700.000000,312.416667,288.000000,288.000000,288.000000
"UBR-CA",20260703,1125000.000000,312.500000,288.000000,288.000000,288.000000
"UBR-CA",20260703,1125300.000000,312.583333,288.000000,288.000000,288.000000
"UBR-CA",20260703,1125600.000000,312.666667,288.000000,288.000000,288.000000
"UBR-CA",20260703,1125900.000000,312.750000,288.000000,288.000000,288.000000
"UBR-CA",20260703,1126200.000000,312.833333,288.000000,288.000000,288.000000
"UBR-CA",20260703,1126500.000000,312.916667,288.000000,288.000000,288.000000
"UBR-CA",20260703,1126800.000000,313.000000,288.000000,288.000000,288.000000
"UBR-CA",20260703,1127100.000000,313.083333,288.000000,288.000000,288.000000
"UBR-CA",20260703,1127400.000000,313.166667,288.000000,288.000000,288.000000
"UBR-CA",20260703,1127700.000000,313.250000,288.000000,288.000000,288.000000
"UBR-CA",20260703,1128000.000000,313.333333,288.000000,288.000000,288.000000
"UBR-CA",20260703,1128300.000000,313.416667,288.000000,288.000000,288.000000
"UBR-CA",20260703,1128600.000000,313.500000,288.000000,288.000000,288.000000
"UBR-CA",20260703,1128900.000000,313.583333,288.000000,288.000000,288.000000
"UBR-CA",20260703,1129200.000000,313.666667,288.000000,288.000000,288.000000
"UBR-CA",20260703,1129500.000000,313.750000,288.000000,288.000000,288.000000
"UBR-CA",20260703,1129800.000000,313.833333,288.000000,288.000000,288.000000
"UBR-CA",20260703,1130100.000000,313.916667,288.000000,288.000000,288.000000
"UBR-CA",20260703,1130400.000000,314.000000,288.000000,288.000000,288.000000
"UBR-CA",20260703,1130700.000000,314.083333,288.000000,288.000000,288.000000
"UBR-CA",20260703,1131000.000000,314.166667,288.000000,288.000000,288.000000
"UBR-CA",20260703,1131300.000000,314.250000,288.000000,288.000000,288.000000
"UBR-CA",20260703,1131600.000000,314.333333,288.000000,288.000000,288.000000
"UBR-CA",20260703,1131900.000000,314.416667,288.000000,288.000000,288.000000
"UBR-CA",20260703,1132200.000000,314.500000,288.000000,288.000000,288.000000
"UBR-CA",20260703,1132500.000000,314.583333,288.000000,288.000000,288.000000
"UBR-CA",20260703,1132800.000000,314.666667,288.000000,288.000000,288.000000
"UBR-CA",20260703,1133100.000000,314.750000,288.000000,288.000000,288.000000
"UBR-CA",20260703,1133400.000000,314.833333,288.000000,288.000000,288.000000
"UBR-CA",20260703,1133700.000000,314.916667,288.000000,288.000000,288.000000
"UBR-CA",20260703,1134000.000000,315.000000,288.000000,288.000000,288.000000
"UBR-CA",20260703,1134300.000000,315.083333,288.000000,288.000000,288.000000
"UBR-CA",20260703,1134600.000000,315.166667,288.000000,288.000000,288.000000
"UBR-CA",20260703,1134900.000000,315.250000,288.000000,288.000000,288.000000
"UBR-CA",20260703,1135200.000000,315.333333,288.000000,288.000000,288.000000
"UBR-CA",20260703,1135500.000000,315.416667,288.000000,288.000000,288.000000
"UBR-CA",20260703,1135800.000000,315.500000,288.000000,288.000000,288.000000
"UBR-CA",20260703,1136100.000000,315.583333,288.000000,288.000000,288.000000
"UBR-CA",20260703,1136400.000000,315.666667,288.000000,288.000000,288.000000
"UBR-CA",20260703,1136700.000000,315.750000,288.000000,288.000000,288.000000
"UBR-CA",20260703,1137000.000000,315.833333,288.000000,288.000000,288.000000
"UBR-CA",20260703,1137300.000000,315.916667,288.000000,288.000000,288.000000
"UBR-CA",20260703,1137600.000000,316.000000,288.000000,288.000000,288.000000
"UBR-CA",20260703,1137900.000000,316.083333,288.000000,288.000000,288.000000
"UBR-CA",20260703,1138200.000000,316.166667,288.000000,288.000000,288.000000
"UBR-CA",20260703,1138500.000000,316.250000,288.000000,288.000000,288.000000
"UBR-CA",20260703,1138800.000000,316.333333,288.000000,288.000000,288.000000
"UBR-CA",20260703,1139100.000000,316.416667,288.000000,288.000000,288.000000
"UBR-CA",20260703,1139400.000000,316.500000,288.000000,288.000000,288.000000
"UBR-CA",20260703,1139700.000000,316.583333,288.000000,288.000000,288.000000
"UBR-CA",20260703,1140000.000000,316.666667,288.000000,288.000000,288.000000
"UBR-CA",20260703,1140300.000000,316.750000,288.000000,288.000000,288.000000
"UBR-CA",20260703,1140600.000000,316.833333,288.000000,288.000000,288.000000
"UBR-CA",20260703,1140900.000000,316.916667,52.000000,52.000000,52.000000
"UBR-CA",20260703,1141200.000000,317.000000,56.000000,56.000000,56.000000
"UBR-CA",20260703,1141500.000000,317.083333,60.000000,60.000000,60.000000
"UBR-CA",20260703,1141800.000000,317.166667,64.000000,64.000000,64.000000
"UBR-CA",20260703,1142100.000000,317.250000,68.000000,68.000000,68.000000
"UBR-CA",20260703,1142400.000000,317.333333,72.000000,72.000000,72.000000
"UBR-CA",20260703,1142700.000000,317.416667,76.000000,76.000000,76.000000
"UBR-CA",20260703,1143000.000000,317.500000,80.000000,80.000000,80.000000
"UBR-CA",20260703,1143300.000000,317.583333,84.000000,84.000000,84.000000
"UBR-CA",20260703,1143600.000000,317.666667,88.000000,88.000000,88.000000
"UBR-CA",20260703,1143900.000000,317.750000,92.000000,92.000000,92.000000
"UBR-CA",20260703,1144200.000000,317.833333,96.000000,96.000000,96.000000
"UBR-CA",20260703,1144500.000000,317.916667,100.000000,100.000000,100.000000
"UBR-CA",20260703,1144800.000000,318.000000,104.000000,104.000000,104.000000
"UBR-CA",20260703,1145100.000000,318.083333,108.000000,108.000000,108.000000
"UBR-CA",20260703,1145400.000000,318.166667,112.000000,112.000000,112.000000
"UBR-CA",20260703,1145700.000000,318.250000,116.000000,116.000000,116.000000
"UBR-CA",20260703,1146000.000000,318.333333,120.000000,120.000000,120.000000
"UBR-CA",20260703,1146300.000000,318.416667,124.000000,124.000000,124.000000
"UBR-CA",20260703,1146600.000000,318.500000,128.000000,128.000000,128.000000
"UBR-CA",20260703,1146900.000000,318.583333,132.000000,132.000000,132.000000
"UBR-CA",20260703,1147200.000000,318.666667,136.000000,136.000000,136.000000
"UBR-CA",20260703,1147500.000000,318.750000,140.000000,140.000000,140.000000
"UBR-CA",20260703,1147800.000000,318.833333,144.000000,144.000000,144.000000
"UBR-CA",20260703,1148100.000000,318.916667,148.000000,148.000000,148.000000
"UBR-CA",20260703,1148400.000000,319.000000,152.000000,152.000000,152.000000
"UBR-CA",20260703,1148700.000000,319.083333,156.000000,156.000000,156.000000
"UBR-CA",20260703,1149000.000000,319.166667,160.000000,160.000000,160.000000
"UBR-CA",20260703,1149300.000000,319.250000,164.000000,164.000000,164.000000
"UBR-CA",20260703,1149600.000000,319.333333,168.000000,168.000000,168.000000
"UBR-CA",20260703,1149900.000000,319.416667,172.000000,172.000000,172.000000
"UBR-CA",20260703,1150200.000000,319.500000,176.000000,176.000000,176.000000
"UBR-CA",20260703,1150500.000000,319.583333,180.000000,180.000000,180.000000
"UBR-CA",20260703,1150800.000000,319.666667,184.000000,184.000000,184.000000
"UBR-CA",20260703,1151100.000000,319.750000,188.000000,188.000000,188.000000
"UBR-CA",20260703,1151400.000000,319.833333,192.000000,192.000000,192.000000
"UBR-CA",20260703,1151700.000000,319.916667,196.000000,196.000000,196.000000
"UBR-CA",20260703,1152000.000000,320.000000,200.000000,200.000000,200.000000
"UBR-CA",20260703,1152300.000000,320.083333,204.000000,204.000000,204.000000
"UBR-CA",20260703,1152600.000000,320.166667,208.000000,208.000000,208.000000
"UBR-CA",20260703,1152900.000000,320.250000,212.000000,212.000000,212.000000
"UBR-CA",20260703,1153200.000000,320.333333,216.000000,216.000000,216.000000
"UBR-CA",20260703,1153500.000000,320.416667,220.000000,220.000000,220.000000
"UBR-CA",20260703,1153800.000000,320.500000,222.984101,222.984101,222.984101
"UBR-CA",20260703,1154100.000000,320.583333,226.431631,226.431631,226.431631
"UBR-CA",20260703,1154400.000000,320.666667,230.431631,230.431631,230.431631
"UBR-CA",20260703,1154700.000000,320.750000,234.431631,234.431631,234.431631
"UBR-CA",20260703,1155000.000000,320.833333,238.431631,238.431631,238.431631
"UBR-CA",20260703,1155300.000000,320.916667,242.431631,242.431631,242.431631
"UBR-CA",20260703,1155600.000000,321.000000,246.431631,246.431631,246.431631
"UBR-CA",20260703,1155900.000000,321.083333,250.431631,250.431631,250.431631
"UBR-CA",20260703,1156200.000000,321.166667,254.431631,254.431631,254.431631
"UBR-CA",20260703,1156500.000000,321.250000,258.431631,258.431631,258.431631
"UBR-CA",20260703,1156800.000000,321.333333,262.431631,262.431631,262.431631
"UBR-CA",20260703,1157100.000000,321.416667,266.431631,266.431631,266.431631
"UBR-CA",20260703,1157400.000000,321.500000,269.649167,269.649167,269.649167
"UBR-CA",20260703,1157700.000000,321.583333,273.453924,273.453924,273.453924
"UBR-CA",20260703,1158000.000000,321.666667,277.453924,277.453924,277.453924
"UBR-CA",20260703,1158300.000000,321.750000,281.453924,281.453924,281.453924
"UBR-CA",20260703,1158600.000000,321.833333,285.453924,285.453924,285.453924
"UBR-CA",20260703,1158900.000000,321.916667,288.000000,288.000000,288.000000
"UBR-CA",20260703,1159200.000000,322.000000,288.000000,288.000000,288.000000
"UBR-CA",20260703,1159500.000000,322.083333,288.000000,288.000000,288.000000
"UBR-CA",20260703,1159800.000000,322.166667,288.000000,288.000000,288.000000
"UBR-CA",20260703,1160100.000000,322.250000,288.000000,288.000000,288.000000
"UBR-CA",20260703,1160400.000000,322.333333,288.000000,288.000000,288.000000
"UBR-CA",20260703,1160700.000000,322.416667,288.000000,288.000000,288.000000
"UBR-CA",20260703,1161000.000000,322.500000,288.000000,288.000000,288.000000
"UBR-CA",20260703,1161300.000000,322.583333,288.000000,288.000000,288.000000
"UBR-CA",20260703,1161600.000000,322.666667,52.000000,52.000000,52.000000
"UBR-CA",20260703,1161900.000000,322.750000,56.000000,56.000000,56.000000
"UBR-CA",20260703,1162200.000000,322.833333,60.000000,60.000000,60.000000
"UBR-CA",20260703,1162500.000000,322.916667,64.000000,64.000000,64.000000
"UBR-CA",20260703,1162800.000000,323.000000,68.000000,68.000000,68.000000
"UBR-CA",20260703,1163100.000000,323.083333,52.000000,52.000000,52.000000
"UBR-CA",20260703,1163400.000000,323.166667,56.000000,56.000000,56.000000
"UBR-CA",20260703,1163700.000000,323.250000,60.000000,60.000000,60.000000
"UBR-CA",20260703,1164000.000000,323.333333,64.000000,64.000000,64.000000
"UBR-CA",20260703,1164300.000000,323.416667,68.000000,68.000000,68.000000
"UBR-CA",20260703,1164600.000000,323.500000,52.000000,52.000000,52.000000
"UBR-CA",20260703,1164900.000000,323.583333,56.000000,56.000000,56.000000
"UBR-CA",20260703,1165200.000000,323.666667,60.000000,60.000000,60.000000
"UBR-CA",20260703,1165500.000000,323.750000,64.000000,64.000000,64.000000
"UBR-CA",20260703,1165800.000000,323.833333,68.000000,68.000000,68.000000
"UBR-CA",20260703,1166100.000000,323.916667,72.000000,72.000000,72.000000
"UBR-CA",20260703,1166400.000000,324.000000,76.000000,76.000000,76.000000
"UBR-CA",20260703,1166700.000000,324.083333,52.000000,52.000000,52.000000
"UBR-CA",20260703,1167000.000000,324.166667,56.000000,56.000000,56.000000
"UBR-CA",20260703,1167300.000000,324.250000,60.000000,60.000000,60.000000
"UBR-CA",20260703,1167600.000000,324.333333,64.000000,64.000000,64.000000
"UBR-CA",20260703,1167900.000000,324.416667,52.000000,52.000000,52.000000
"UBR-CA",20260703,1168200.000000,324.500000,56.000000,56.000000,56.000000
"UBR-CA",20260703,1168500.000000,324.583333,60.000000,60.000000,60.000000
"UBR-CA",20260703,1168800.000000,324.666667,64.000000,64.000000,64.000000
"UBR-CA",20260703,1169100.000000,324.750000,68.000000,68.000000,68.000000
"UBR-CA",20260703,1169400.000000,324.833333,72.000000,72.000000,72.000000
"UBR-CA",20260703,1169700.000000,324.916667,76.000000,76.000000,76.000000
"UBR-CA",20260703,1170000.000000,325.000000,80.000000,80.000000,80.000000
"UBR-CA",20260703,1170300.000000,325.083333,84.000000,84.000000,84.000000
"UBR-CA",20260703,1170600.000000,325.166667,88.000000,88.000000,88.000000
"UBR-CA",20260703,1170900.000000,325.250000,92.000000,92.000000,92.000000
"UBR-CA",20260703,1171200.000000,325.333333,96.000000,96.000000,96.000000
"UBR-CA",20260703,1171500.000000,325.416667,52.000000,52.000000,52.000000
"UBR-CA",20260703,1171800.000000,325.500000,56.000000,56.000000,56.000000
"UBR-CA",20260703,1172100.000000,325.583333,60.000000,60.000000,60.000000
"UBR-CA",20260703,1172400.000000,325.666667,64.000000,64.000000,64.000000
"UBR-CA",20260703,1172700.000000,325.750000,68.000000,68.000000,68.000000
"UBR-CA",20260703,1173000.000000,325.833333,72.000000,72.000000,72.000000
"UBR-CA",20260703,1173300.000000,325.916667,76.000000,76.000000,76.000000
"UBR-CA",20260703,1173600.000000,326.000000,80.000000,80.000000,80.000000
"UBR-CA",20260703,1173900.000000,326.083333,52.000000,52.000000,52.000000
"UBR-CA",20260703,1174200.000000,326.166667,56.000000,56.000000,56.000000
"UBR-CA",20260703,1174500.000000,326.250000,60.000000,60.000000,60.000000
"UBR-CA",20260703,1174800.000000,326.333333,64.000000,64.000000,64.000000
"UBR-CA",20260703,1175100.000000,326.416667,68.000000,68.000000,68.000000
"UBR-CA",20260703,1175400.000000,326.500000,52.000000,52.000000,52.000000
"UBR-CA",20260703,1175700.000000,326.583333,56.000000,56.000000,56.000000
"UBR-CA",20260703,1176000.000000,326.666667,60.000000,60.000000,60.000000
"UBR-CA",20260703,1176300.000000,326.750000,64.000000,64.000000,64.000000
"UBR-CA",20260703,1176600.000000,326.833333,52.000000,52.000000,52.000000
"UBR-CA",20260703,1176900.000000,326.916667,56.000000,56.000000,56.000000
"UBR-CA",20260703,1177200.000000,327.000000,60.000000,60.000000,60.000000
"UBR-CA",20260703,1177500.000000,327.083333,64.000000,64.000000,64.000000
"UBR-CA",20260703,1177800.000000,327.166667,68.000000,68.000000,68.000000
"UBR-CA",20260703,1178100.000000,327.250000,72.000000,72.000000,72.000000
"UBR-CA",20260703,1178400.000000,327.333333,76.000000,76.000000,76.000000
"UBR-CA",20260703,1178700.000000,327.416667,80.000000,80.000000,80.000000
"UBR-CA",20260703,1179000.000000,327.500000,84.000000,84.000000,84.000000
"UBR-CA",20260703,1179300.000000,327.583333,88.000000,88.000000,88.000000
"UBR-CA",20260703,1179600.000000,327.666667,92.000000,92.000000,92.000000
"UBR-CA",20260703,1179900.000000,327.750000,96.000000,96.000000,96.000000
"UBR-CA",20260703,1180200.000000,327.833333,52.000000,52.000000,52.000000
"UBR-CA",20260703,1180500.000000,327.916667,56.000000,56.000000,56.000000
"UBR-CA",20260703,1180800.000000,328.000000,60.000000,60.000000,60.000000
"UBR-CA",20260703,1181100.000000,328.083333,64.000000,64.000000,64.000000
"UBR-CA",20260703,1181400.000000,328.166667,68.000000,68.000000,68.000000
"UBR-CA",20260703,1181700.000000,328.250000,72.000000,72.000000,72.000000
"UBR-CA",20260703,1182000.000000,328.333333,76.000000,76.000000,76.000000
"UBR-CA",20260703,1182300.000000,328.416667,80.000000,80.000000,80.000000
"UBR-CA",20260703,1182600.000000,328.500000,84.000000,84.000000,84.000000
"UBR-CA",20260703,1182900.000000,328.583333,88.000000,88.000000,88.000000
"UBR-CA",20260703,1183200.000000,328.666667,52.000000,52.000000,52.000000
"UBR-CA",20260703,1183500.000000,328.750000,56.000000,56.000000,56.000000
"UBR-CA",20260703,1183800.000000,328.833333,60.000000,60.000000,60.000000
"UBR-CA",20260703,1184100.000000,328.916667,64.000000,64.000000,64.000000
"UBR-CA",20260703,1184400.000000,329.000000,68.000000,68.000000,68.000000
"UBR-CA",20260703,1184700.000000,329.083333,72.000000,72.000000,72.000000
"UBR-CA",20260703,1185000.000000,329.166667,76.000000,76.000000,76.000000
"UBR-CA",20260703,1185300.000000,329.250000,80.000000,80.000000,80.000000
"UBR-CA",20260703,1185600.000000,329.333333,84.000000,84.000000,84.000000
"UBR-CA",20260703,1185900.000000,329.416667,88.000000,88.000000,88.000000
"UBR-CA",20260703,1186200.000000,329.500000,92.000000,92.000000,92.000000
"UBR-CA",20260703,1186500.000000,329.583333,52.000000,52.000000,52.000000
"UBR-CA",20260703,1186800.000000,329.666667,56.000000,56.000000,56.000000
"UBR-CA",20260703,1187100.000000,329.750000,60.000000,60.000000,60.000000
"UBR-CA",20260703,1187400.000000,329.833333,64.000000,64.000000,64.000000
"UBR-CA",20260703,1187700.000000,329.916667,68.000000,68.000000,68.000000
"UBR-CA",20260703,1188000.000000,330.000000,72.000000,72.000000,72.000000
"UBR-CA",20260703,1188300.000000,330.083333,76.000000,76.000000,76.000000
"UBR-CA",20260703,1188600.000000,330.166667,80.000000,80.000000,80.000000
"UBR-CA",20260703,1188900.000000,330.250000,84.000000,84.000000,84.000000
"UBR-CA",20260703,1189200.000000,330.333333,88.000000,88.000000,88.000000
"UBR-CA",20260703,1189500.000000,330.416667,52.000000,52.000000,52.000000
"UBR-CA",20260703,1189800.000000,330.500000,56.000000,56.000000,56.000000
"UBR-CA",20260703,1190100.000000,330.583333,60.000000,60.000000,60.000000
"UBR-CA",20260703,1190400.000000,330.666667,64.000000,64.000000,64.000000
"UBR-CA",20260703,1190700.000000,330.750000,68.000000,68.000000,68.000000
"UBR-CA",20260703,1191000.000000,330.833333,72.000000,72.000000,72.000000
"UBR-CA",20260703,1191300.000000,330.916667,76.000000,76.000000,76.000000
"UBR-CA",20260703,1191600.000000,331.000000,80.000000,80.000000,80.000000
"UBR-CA",20260703,1191900.000000,331.083333,84.000000,84.000000,84.000000
"UBR-CA",20260703,1192200.000000,331.166667,88.000000,88.000000,88.000000
"UBR-CA",20260703,1192500.000000,331.250000,52.000000,52.000000,52.000000
"UBR-CA",20260703,1192800.000000,331.333333,56.000000,56.000000,56.000000
"UBR-CA",20260703,1193100.000000,331.416667,60.000000,60.000000,60.000000
"UBR-CA",20260703,1193400.000000,331.500000,64.000000,64.000000,64.000000
"UBR-CA",20260703,1193700.000000,331.583333,68.000000,68.000000,68.000000
"UBR-CA",20260703,1194000.000000,331.666667,72.000000,72.000000,72.000000
"UBR-CA",20260703,1194300.000000,331.750000,76.000000,76.000000,76.000000
"UBR-CA",20260703,1194600.000000,331.833333,80.000000,80.000000,80.000000
"UBR-CA",20260703,1194900.000000,331.916667,84.000000,84.000000,84.000000
"UBR-CA",20260703,1195200.000000,332.000000,88.000000,88.000000,88.000000
"UBR-CA",20260703,1195500.000000,332.083333,92.000000,92.000000,92.000000
"UBR-CA",20260703,1195800.000000,332.166667,96.000000,96.000000,96.000000
"UBR-CA",20260703,1196100.000000,332.250000,52.000000,52.000000,52.000000
"UBR-CA",20260703,1196400.000000,332.333333,56.000000,56.000000,56.000000
"UBR-CA",20260703,1196700.000000,332.416667,60.000000,60.000000,60.000000
"UBR-CA",20260703,1197000.000000,332.500000,64.000000,64.000000,64.000000
"UBR-CA",20260703,1197300.000000,332.583333,68.000000,68.000000,68.000000
"UBR-CA",20260703,1197600.000000,332.666667,72.000000,72.000000,72.000000
"UBR-CA",20260703,1197900.000000,332.750000,76.000000,76.000000,76.000000
"UBR-CA",20260703,1198200.000000,332.833333,80.000000,80.000000,80.000000
"UBR-CA",20260703,1198500.000000,332.916667,52.000000,52.000000,52.000000
"UBR-CA",20260703,1198800.000000,333.000000,56.000000,56.000000,56.000000
"UBR-CA",20260703,1199100.000000,333.083333,60.000000,60.000000,60.000000
"UBR-CA",20260703,1199400.000000,333.166667,64.000000,64.000000,64.000000
"UBR-CA",20260703,1199700.000000,333.250000,68.000000,68.000000,68.000000
"UBR-CA",20260703,1200000.000000,333.333333,72.000000,72.000000,72.000000
"UBR-CA",20260703,1200300.000000,333.416667,76.000000,76.000000,76.000000
"UBR-CA",20260703,1200600.000000,333.500000,80.000000,80.000000,80.000000
"UBR-CA",20260703,1200900.000000,333.583333,84.000000,84.000000,84.000000
"UBR-CA",20260703,1201200.000000,333.666667,52.000000,52.000000,52.000000
"UBR-CA",20260703,1201500.000000,333.750000,56.000000,56.000000,56.000000
"UBR-CA",20260703,1201800.000000,333.833333,60.000000,60.000000,60.000000
"UBR-CA",20260703,1202100.000000,333.916667,64.000000,64.000000,64.000000
"UBR-CA",20260703,1202400.000000,334.000000,68.000000,68.000000,68.000000
"UBR-CA",20260703,1202700.000000,334.083333,72.000000,72.000000,72.000000
"UBR-CA",20260703,1203000.000000,334.166667,76.000000,76.000000,76.000000
"UBR-CA",20260703,1203300.000000,334.250000,80.000000,80.000000,80.000000
"UBR-CA",20260703,1203600.000000,334.333333,84.000000,84.000000,84.000000
"UBR-CA",20260703,1203900.000000,334.416667,52.000000,52.000000,52.000000
"UBR-CA",20260703,1204200.000000,334.500000,56.000000,56.000000,56.000000
"UBR-CA",20260703,1204500.000000,334.583333,60.000000,60.000000,60.000000
"UBR-CA",20260703,1204800.000000,334.666667,64.000000,64.000000,64.000000
"UBR-CA",20260703,1205100.000000,334.750000,68.000000,68.000000,68.000000
"UBR-CA",20260703,1205400.000000,334.833333,72.000000,72.000000,72.000000
"UBR-CA",20260703,1205700.000000,334.916667,76.000000,76.000000,76.000000
"UBR-CA",20260703,1206000.000000,335.000000,80.000000,80.000000,80.000000
"UBR-CA",20260703,1206300.000000,335.083333,84.000000,84.000000,84.000000
"UBR-CA",20260703,1206600.000000,335.166667,52.000000,52.000000,52.000000
"UBR-CA",20260703,1206900.000000,335.250000,56.000000,56.000000,56.000000
"UBR-CA",20260703,1207200.000000,335.333333,60.000000,60.000000,60.000000
"UBR-CA",20260703,1207500.000000,335.416667,64.000000,64.000000,64.000000
"UBR-CA",20260703,1207800.000000,335.500000,68.000000,68.000000,68.000000
"UBR-CA",20260703,1208100.000000,335.583333,72.000000,72.000000,72.000000
"UBR-CA",20260703,1208400.000000,335.666667,52.000000,52.000000,52.000000
"UBR-CA",20260703,1208700.000000,335.750000,56.000000,56.000000,56.000000
"UBR-CA",20260703,1209000.000000,335.833333,60.000000,60.000000,60.000000
"UBR-CA",20260703,1209300.000000,335.916667,64.000000,64.000000,64.000000
"UBR-CA",20260703,1209600.000000,336.000000,68.000000,68.000000,68.000000
"UBR-CA",20260703,1209900.000000,336.083333,72.000000,72.000000,72.000000
"UBR-CA",20260703,1210200.000000,336.166667,52.000000,52.000000,52.000000
"UBR-CA",20260703,1210500.000000,336.250000,56.000000,56.000000,56.000000
"UBR-CA",20260703,1210800.000000,336.333333,60.000000,60.000000,60.000000
"UBR-CA",20260703,1211100.000000,336.416667,64.000000,64.000000,64.000000
"UBR-CA",20260703,1211400.000000,336.500000,52.000000,52.000000,52.000000
"UBR-CA",20260703,1211700.000000,336.583333,56.000000,56.000000,56.000000
"UBR-CA",20260703,1212000.000000,336.666667,60.000000,60.000000,60.000000
"UBR-CA",20260703,1212300.000000,336.750000,64.000000,64.000000,64.000000
"UBR-CA",20260703,1212600.000000,336.833333,52.000000,52.000000,52.000000
"UBR-CA",20260703,1212900.000000,336.916667,56.000000,56.000000,56.000000
"UBR-CA",20260703,1213200.000000,337.000000,60.000000,60.000000,60.000000
"UBR-CA",20260703,1213500.000000,337.083333,64.000000,64.000000,64.000000
"UBR-CA",20260703,1213800.000000,337.166667,68.000000,68.000000,68.000000
"UBR-CA",20260703,1214100.000000,337.250000,52.000000,52.000000,52.000000
"UBR-CA",20260703,1214400.000000,337.333333,56.000000,56.000000,56.000000
"UBR-CA",20260703,1214700.000000,337.416667,60.000000,60.000000,60.000000
"UBR-CA",20260703,1215000.000000,337.500000,64.000000,64.000000,64.000000
"UBR-CA",20260703,1215300.000000,337.583333,68.000000,68.000000,68.000000
"UBR-CA",20260703,1215600.000000,337.666667,72.000000,72.000000,72.000000
"UBR-CA",20260703,1215900.000000,337.750000,76.000000,76.000000,76.000000
"UBR-CA",20260703,1216200.000000,337.833333,80.000000,80.000000,80.000000
"UBR-CA",20260703,1216500.000000,337.916667,84.000000,84.000000,84.000000
"UBR-CA",20260703,1216800.000000,338.000000,52.000000,52.000000,52.000000
"UBR-CA",20260703,1217100.000000,338.083333,56.000000,56.000000,56.000000
"UBR-CA",20260703,1217400.000000,338.166667,52.000000,52.000000,52.000000
"UBR-CA",20260703,1217700.000000,338.250000,56.000000,56.000000,56.000000
"UBR-CA",20260703,1218000.000000,338.333333,60.000000,60.000000,60.000000
"UBR-CA",20260703,1218300.000000,338.416667,64.000000,64.000000,64.000000
"UBR-CA",20260703,1218600.000000,338.500000,68.000000,68.000000,68.000000
"UBR-CA",20260703,1218900.000000,338.583333,72.000000,72.000000,72.000000
"UBR-CA",20260703,1219200.000000,338.666667,76.000000,76.000000,76.000000
"UBR-CA",20260703,1219500.000000,338.750000,80.000000,80.000000,80.000000
"UBR-CA",20260703,1219800.000000,338.833333,84.000000,84.000000,84.000000
"UBR-CA",20260703,1220100.000000,338.916667,88.000000,88.000000,88.000000
"UBR-CA",20260703,1220400.000000,339.000000,92.000000,92.000000,92.000000
"UBR-CA",20260703,1220700.000000,339.083333,52.000000,52.000000,52.000000
"UBR-CA",20260703,1221000.000000,339.166667,56.000000,56.000000,56.000000
"UBR-CA",20260703,1221300.000000,339.250000,60.000000,60.000000,60.000000
"UBR-CA",20260703,1221600.000000,339.333333,64.000000,64.000000,64.000000
"UBR-CA",20260703,1221900.000000,339.416667,52.000000,52.000000,52.000000
"UBR-CA",20260703,1222200.000000,339.500000,56.000000,56.000000,56.000000
"UBR-CA",20260703,1222500.000000,339.583333,60.000000,60.000000,60.000000
"UBR-CA",20260703,1222800.000000,339.666667,64.000000,64.000000,64.000000
"UBR-CA",20260703,1223100.000000,339.750000,68.000000,68.000000,68.000000
"UBR-CA",20260703,1223400.000000,339.833333,52.000000,52.000000,52.000000
"UBR-CA",20260703,1223700.000000,339.916667,56.000000,56.000000,56.000000
"UBR-CA",20260703,1224000.000000,340.000000,60.000000,60.000000,60.000000
"UBR-CA",20260703,1224300.000000,340.083333,64.000000,64.000000,64.000000
"UBR-CA",20260703,1224600.000000,340.166667,68.000000,68.000000,68.000000
"UBR-CA",20260703,1224900.000000,340.250000,52.000000,52.000000,52.000000
"UBR-CA",20260703,1225200.000000,340.333333,56.000000,56.000000,56.000000
"UBR-CA",20260703,1225500.000000,340.416667,60.000000,60.000000,60.000000
"UBR-CA",20260703,1225800.000000,340.500000,64.000000,64.000000,64.000000
"UBR-CA",20260703,1226100.000000,340.583333,52.000000,52.000000,52.000000
"UBR-CA",20260703,1226400.000000,340.666667,56.000000,56.000000,56.000000
"UBR-CA",20260703,1226700.000000,340.750000,60.000000,60.000000,60.000000
"UBR-CA",20260703,1227000.000000,340.833333,64.000000,64.000000,64.000000
"UBR-CA",20260703,1227300.000000,340.916667,68.000000,68.000000,68.000000
"UBR-CA",20260703,1227600.000000,341.000000,72.000000,72.000000,72.000000
"UBR-CA",20260703,1227900.000000,341.083333,52.000000,52.000000,52.000000
"UBR-CA",20260703,1228200.000000,341.166667,56.000000,56.000000,56.000000
"UBR-CA",20260703,1228500.000000,341.250000,60.000000,60.000000,60.000000
"UBR-CA",20260703,1228800.000000,341.333333,64.000000,64.000000,64.000000
"UBR-CA",20260703,1229100.000000,341.416667,68.000000,68.000000,68.000000
"UBR-CA",20260703,1229400.000000,341.500000,72.000000,72.000000,72.000000
"UBR-CA",20260703,1229700.000000,341.583333,76.000000,76.000000,76.000000
"UBR-CA",20260703,1230000.000000,341.666667,80.000000,80.000000,80.000000
"UBR-CA",20260703,1230300.000000,341.750000,84.000000,84.000000,84.000000
"UBR-CA",20260703,1230600.000000,341.833333,88.000000,88.000000,88.000000
"UBR-CA",20260703,1230900.000000,341.916667,52.000000,52.000000,52.000000
"UBR-CA",20260703,1231200.000000,342.000000,56.000000,56.000000,56.000000
"UBR-CA",20260703,1231500.000000,342.083333,60.000000,60.000000,60.000000
"UBR-CA",20260703,1231800.000000,342.166667,52.000000,52.000000,52.000000
"UBR-CA",20260703,1232100.000000,342.250000,56.000000,56.000000,56.000000
"UBR-CA",20260703,1232400.000000,342.333333,60.000000,60.000000,60.000000
"UBR-CA",20260703,1232700.000000,342.416667,64.000000,64.000000,64.000000
"UBR-CA",20260703,1233000.000000,342.500000,68.000000,68.000000,68.000000
"UBR-CA",20260703,1233300.000000,342.583333,72.000000,72.000000,72.000000
"UBR-CA",20260703,1233600.000000,342.666667,52.000000,52.000000,52.000000
"UBR-CA",20260703,1233900.000000,342.750000,56.000000,56.000000,56.000000
"UBR-CA",20260703,1234200.000000,342.833333,60.000000,60.000000,60.000000
"UBR-CA",20260703,1234500.000000,342.916667,64.000000,64.000000,64.000000
"UBR-CA",20260703,1234800.000000,343.000000,68.000000,68.000000,68.000000
"UBR-CA",20260703,1235100.000000,343.083333,72.000000,72.000000,72.000000
"UBR-CA",20260703,1235400.000000,343.166667,76.000000,76.000000,76.000000
"UBR-CA",20260703,1235700.000000,343.250000,80.000000,80.000000,80.000000
"UBR-CA",20260703,1236000.000000,343.333333,52.000000,52.000000,52.000000
"UBR-CA",20260703,1236300.000000,343.416667,56.000000,56.000000,56.000000
"UBR-CA",20260703,1236600.000000,343.500000,60.000000,60.000000,60.000000
"UBR-CA",20260703,1236900.000000,343.583333,64.000000,64.000000,64.000000
"UBR-CA",20260703,1237200.000000,343.666667,68.000000,68.000000,68.000000
"UBR-CA",20260703,1237500.000000,343.750000,72.000000,72.000000,72.000000
"UBR-CA",20260703,1237800.000000,343.833333,52.000000,52.000000,52.000000
"UBR-CA",20260703,1238100.000000,343.916667,56.000000,56.000000,56.000000
"UBR-CA",20260703,1238400.000000,344.000000,60.000000,60.000000,60.000000
"UBR-CA",20260703,1238700.000000,344.083333,64.000000,64.000000,64.000000
"UBR-CA",20260703,1239000.000000,344.166667,68.000000,68.000000,68.000000
"UBR-CA",20260703,1239300.000000,344.250000,72.000000,72.000000,72.000000
"UBR-CA",20260703,1239600.000000,344.333333,76.000000,76.000000,76.000000
"UBR-CA",20260703,1239900.000000,344.416667,80.000000,80.000000,80.000000
"UBR-CA",20260703,1240200.000000,344.500000,52.000000,52.000000,52.000000
"UBR-CA",20260703,1240500.000000,344.583333,56.000000,56.000000,56.000000
"UBR-CA",20260703,1240800.000000,344.666667,60.000000,60.000000,60.000000
"UBR-CA",20260703,1241100.000000,344.750000,64.000000,64.000000,64.000000
"UBR-CA",20260703,1241400.000000,344.833333,68.000000,68.000000,68.000000
"UBR-CA",20260703,1241700.000000,344.916667,52.000000,52.000000,52.000000
"UBR-CA",20260703,1242000.000000,345.000000,56.000000,56.000000,56.000000
"UBR-CA",20260703,1242300.000000,345.083333,60.000000,60.000000,60.000000
"UBR-CA",20260703,1242600.000000,345.166667,64.000000,64.000000,64.000000
"UBR-CA",20260703,1242900.000000,345.250000,68.000000,68.000000,68.000000
"UBR-CA",20260703,1243200.000000,345.333333,72.000000,72.000000,72.000000
"UBR-CA",20260703,1243500.000000,345.416667,76.000000,76.000000,76.000000
"UBR-CA",20260703,1243800.000000,345.500000,80.000000,80.000000,80.000000
"UBR-CA",20260703,1244100.000000,345.583333,84.000000,84.000000,84.000000
"UBR-CA",20260703,1244400.000000,345.666667,52.000000,52.000000,52.000000
"UBR-CA",20260703,1244700.000000,345.750000,56.000000,56.000000,56.000000
"UBR-CA",20260703,1245000.000000,345.833333,60.000000,60.000000,60.000000
"UBR-CA",20260703,1245300.000000,345.916667,64.000000,64.000000,64.000000
"UBR-CA",20260703,1245600.000000,346.000000,68.000000,68.000000,68.000000
"UBR-CA",20260703,1245900.000000,346.083333,72.000000,72.000000,72.000000
"UBR-CA",20260703,1246200.000000,346.166667,76.000000,76.000000,76.000000
"UBR-CA",20260703,1246500.000000,346.250000,80.000000,80.000000,80.000000
"UBR-CA",20260703,1246800.000000,346.333333,84.000000,84.000000,84.000000
"UBR-CA",20260703,1247100.000000,346.416667,52.000000,52.000000,52.000000
"UBR-CA",20260703,1247400.000000,346.500000,56.000000,56.000000,56.000000
"UBR-CA",20260703,1247700.000000,346.583333,60.000000,60.000000,60.000000
"UBR-CA",20260703,1248000.000000,346.666667,64.000000,64.000000,64.000000
"UBR-CA",20260703,1248300.000000,346.750000,68.000000,68.000000,68.000000
"UBR-CA",20260703,1248600.000000,346.833333,72.000000,72.000000,72.000000
"UBR-CA",20260703,1248900.000000,346.916667,76.000000,76.000000,76.000000
"UBR-CA",20260703,1249200.000000,347.000000,52.000000,52.000000,52.000000
"UBR-CA",20260703,1249500.000000,347.083333,56.000000,56.000000,56.000000
"UBR-CA",20260703,1249800.000000,347.166667,60.000000,60.000000,60.000000
"UBR-CA",20260703,1250100.000000,347.250000,64.000000,64.000000,64.000000
"UBR-CA",20260703,1250400.000000,347.333333,68.000000,68.000000,68.000000
"UBR-CA",20260703,1250700.000000,347.416667,72.000000,72.000000,72.000000
"UBR-CA",20260703,1251000.000000,347.500000,76.000000,76.000000,76.000000
"UBR-CA",20260703,1251300.000000,347.583333,52.000000,52.000000,52.000000
"UBR-CA",20260703,1251600.000000,347.666667,56.000000,56.000000,56.000000
"UBR-CA",20260703,1251900.000000,347.750000,60.000000,60.000000,60.000000
"UBR-CA",20260703,1252200.000000,347.833333,64.000000,64.000000,64.000000
"UBR-CA",20260703,1252500.000000,347.916667,68.000000,68.000000,68.000000
"UBR-CA",20260703,1252800.000000,348.000000,52.000000,52.000000,52.000000
"UBR-CA",20260703,1253100.000000,348.083333,56.000000,56.000000,56.000000
"UBR-CA",20260703,1253400.000000,348.166667,60.000000,60.000000,60.000000
"UBR-CA",20260703,1253700.000000,348.250000,64.000000,64.000000,64.000000
